,INDIC,B_SEPSIS,B_PNEUM,B_HIVAIDS,B_DIARR,B_MALAR,B_MEAS,B_MENING,B_TETAN,B_TB_PUL,B_PERTUS,B_HEMFEV,B_INF_OU,B_ORAL_M,B_DIG_M,B_RESP_M,B_BREA_M,B_REPR_M,B_OU_M,B_ANAEM,B_MALNUT,B_DIABET,B_CARD_AC,B_SICKLE,B_STROKE,B_CARD_OU,B_COPD,B_ASTHM,B_AC_ABD,B_LIVER,B_KIDNEY,B_EPILEP,B_NCD_OU,B_CONGEN,B_P_SML,B_P_ASPH,B_P_PNEU,B_P_SEPS,B_P_OU,B_STB_F,B_STB_M,B_ACC_TRF,B_ACC_TRO,B_FALL,B_DROWN,B_FIRE,B_VENOM,B_FORCE,B_POIS,B_SUIC,B_ASSAULT,B_EXT_OU,B_ECTOP,B_ABORT,B_PIH,B_HAEM,B_OBS_LB,B_O_SEPS,B_PANAEM,B_UT_RUP,B_MAT_OU
1,expected,0.01,0.01,0.05,0.005,0.05,0.0001,0.005,0.0005,0.02,0.0005,0.00001,0.0005,0.005,0.005,0.005,0.005,0.005,0.005,0.005,0.01,0.02,0.1,0.05,0.1,0.1,0.02,0.005,0.02,0.005,0.01,0.02,0.005,0.01,0.01,0.02,0.005,0.005,0.1,0.005,0.002,0.05,0.005,0.01,0.01,0.01,0.01,0.005,0.01,0.05,0.05,0.05,0.0005,0.002,0.002,0.002,0.0005,0.0005,0.0005,0.00001,0.005
2,elder,0.2,0.2,0.01,0.05,0.1,0.001,0.1,0.02,0.2,0.0,0.0005,0.2,0.2,0.5,0.5,0.2,0.8,0.5,0.2,0.1,0.5,0.5,0.002,0.5,0.8,0.8,0.2,0.5,0.2,0.5,0.2,0.5,0.0,0.0,0.0,0.0,0.0,0.0,0.0,0.0,0.1,0.2,0.2,0.05,0.2,0.2,0.2,0.1,0.1,0.05,0.2,0.0,0.0,0.0,0.0,0.0,0.0,0.0,0.0,0.0
3,midage,0.1,0.1,0.2,0.05,0.05,0.001,0.1,0.02,0.2,0.0001,0.005,0.2,0.02,0.5,0.2,0.02,0.2,0.2,0.02,0.05,0.2,0.2,0.002,0.2,0.2,0.2,0.2,0.2,0.05,0.2,0.2,0.2,0.0,0.0,0.0,0.0,0.0,0.0,0.0,0.0,0.2,0.02,0.02,0.1,0.02,0.02,0.02,0.1,0.2,0.2,0.2,0.0,0.0,0.0,0.0,0.0,0.0,0.0,0.0,0.0
4,adult,0.05,0.05,0.5,0.05,0.05,0.001,0.2,0.05,0.5,0.0005,0.1,0.2,0.05,0.05,0.05,0.05,0.05,0.2,0.05,0.05,0.1,0.05,0.02,0.05,0.05,0.01,0.2,0.2,0.05,0.1,0.2,0.2,0.005,0.0,0.0,0.0,0.0,0.0,0.0,0.0,0.5,0.05,0.05,0.5,0.05,0.05,0.05,0.5,0.5,0.8,0.5,0.8,0.8,0.8,0.8,0.8,0.8,0.8,0.8,0.8
5,child,0.05,0.05,0.05,0.005,0.1,0.2,0.05,0.1,0.02,0.0005,0.5,0.2,0.0,0.0,0.0,0.0,0.0,0.0005,0.01,0.1,0.02,0.001,0.2,0.005,0.005,0.0001,0.05,0.05,0.01,0.02,0.2,0.01,0.02,0.0,0.0,0.0,0.0,0.0,0.0,0.0,0.1,0.01,0.01,0.2,0.01,0.01,0.01,0.05,0.02,0.02,0.1,0.005,0.005,0.005,0.005,0.005,0.002,0.0005,0.0005,0.0005
6,under5,0.1,0.1,0.1,0.5,0.5,0.5,0.1,0.1,0.005,0.8,0.1,0.05,0.0,0.0,0.0,0.0,0.0,0.0005,0.1,0.5,0.02,0.0005,0.5,0.0005,0.001,0.0,0.02,0.05,0.01,0.02,0.02,0.0005,0.1,0.0,0.0,0.0,0.0,0.0,0.0,0.0,0.02,0.05,0.05,0.1,0.05,0.05,0.05,0.02,0.0,0.01,0.05,0.0,0.0,0.0,0.0,0.0,0.0,0.0,0.0,0.0
7,infant,0.2,0.2,0.01,0.5,0.1,0.5,0.1,0.2,0.0001,0.1,0.0005,0.02,0.0,0.0,0.0,0.0,0.0,0.0005,0.0005,0.05,0.002,0.0001,0.2,0.0005,0.0005,0.0,0.0001,0.02,0.002,0.01,0.02,0.0005,0.5,0.0,0.0,0.0,0.0,0.0,0.0,0.0,0.01,0.0005,0.005,0.01,0.02,0.02,0.005,0.01,0.0,0.002,0.01,0.0,0.0,0.0,0.0,0.0,0.0,0.0,0.0,0.0
8,neonate,0.0,0.0,0.0,0.02,0.0005,0.02,0.1,0.5,0.0,0.0,0.0,0.01,0.0,0.0,0.0,0.0,0.0,0.0,0.0,0.0005,0.002,0.0001,0.0005,0.0,0.0005,0.0,0.0,0.01,0.0,0.0,0.02,0.0,0.5,1,1,1,1,1,1,1,0.001,0.001,0.02,0.002,0.02,0.02,0.005,0.005,0.0,0.0001,0.005,0.0,0.0,0.0,0.0,0.0,0.0,0.0,0.0,0.0
9,male,0.5,0.5,0.5,0.5,0.5,0.5,0.5,0.5,0.8,0.5,0.5,0.5,0.8,0.8,0.8,0.0,0.2,0.5,0.5,0.5,0.5,0.8,0.5,0.5,0.5,0.8,0.5,0.5,0.8,0.5,0.5,0.5,0.5,0.5,0.5,0.5,0.5,0.5,0.5,0.5,0.8,0.8,0.5,0.8,0.5,0.5,0.5,0.5,0.5,0.8,0.5,0.0,0.0,0.0,0.0,0.0,0.0,0.0,0.0,0.0
10,female,0.5,0.5,0.5,0.5,0.5,0.5,0.5,0.5,0.2,0.5,0.5,0.5,0.5,0.5,0.2,1,0.8,0.5,0.5,0.5,0.5,0.5,0.5,0.5,0.5,0.5,0.5,0.5,0.2,0.5,0.5,0.5,0.5,0.5,0.5,0.5,0.5,0.5,0.5,0.5,0.2,0.2,0.5,0.2,0.5,0.5,0.5,0.5,0.5,0.2,0.5,1,1,1,1,1,1,1,1,1
11,magegp1,0.0005,0.0005,0.0005,0.0005,0.002,0.002,0.005,0.0005,0.0005,0.0005,0.0005,0.005,0.005,0.005,0.005,0.005,0.005,0.0005,0.0005,0.0005,0.0005,0.0005,0.005,0.0005,0.005,0.0005,0.005,0.005,0.0005,0.0005,0.005,0.005,0.0,0.0,0.0,0.0,0.0,0.0,0.0,0.0,0.005,0.005,0.005,0.005,0.005,0.005,0.005,0.005,0.005,0.005,0.0005,0.2,0.8,0.2,0.2,0.5,0.5,0.2,0.2,0.2
12,magegp2,0.005,0.005,0.01,0.005,0.01,0.002,0.005,0.005,0.005,0.002,0.005,0.005,0.005,0.005,0.005,0.05,0.005,0.0005,0.005,0.005,0.005,0.005,0.005,0.005,0.005,0.005,0.005,0.005,0.005,0.005,0.005,0.005,0.0,0.0,0.0,0.0,0.0,0.0,0.0,0.0,0.005,0.005,0.005,0.005,0.005,0.005,0.005,0.005,0.005,0.005,0.0005,0.5,0.2,0.2,0.5,0.2,0.5,0.5,0.2,0.2
13,magegp3,0.005,0.005,0.01,0.005,0.005,0.002,0.005,0.005,0.01,0.002,0.005,0.0005,0.05,0.02,0.02,0.5,0.02,0.0005,0.005,0.005,0.005,0.05,0.005,0.05,0.05,0.005,0.005,0.005,0.05,0.05,0.005,0.05,0.0,0.0,0.0,0.0,0.0,0.0,0.0,0.0,0.005,0.005,0.005,0.005,0.005,0.005,0.005,0.005,0.005,0.005,0.0005,0.1,0.2,0.2,0.2,0.2,0.2,0.5,0.5,0.2
14,died_d1,0.0005,0.0005,0.0,0.0005,0.0,0.0,0.0005,0.0005,0.0,0.0,0.0,0.0005,0.0,0.0,0.0,0.0,0.0,0.0,0.0005,0.0005,0.0005,0.0005,0.0005,0.0005,0.0005,0.0,0.0005,0.0005,0.0005,0.0005,0.0005,0.0005,0.005,0.005,0.005,0.005,0.005,0.005,0.0,0.0,0.0005,0.0005,0.0005,0.0005,0.0005,0.0005,0.0005,0.0005,0.0,0.0005,0.0005,0.0,0.0,0.0,0.0,0.0,0.0,0.0,0.0,0.0
15,died_d23,0.0005,0.0005,0.0,0.005,0.0,0.0,0.005,0.0005,0.0,0.0,0.0,0.005,0.0,0.0,0.0,0.0,0.0,0.0,0.0005,0.0005,0.0005,0.0005,0.0005,0.0005,0.0005,0.0,0.0005,0.0005,0.0005,0.0005,0.0005,0.0005,0.005,0.005,0.005,0.05,0.05,0.005,0.0,0.0,0.0005,0.0005,0.0005,0.0005,0.0005,0.0005,0.0005,0.0005,0.0,0.0005,0.0005,0.0,0.0,0.0,0.0,0.0,0.0,0.0,0.0,0.0
16,died_d36,0.005,0.005,0.0,0.005,0.0,0.0,0.005,0.005,0.0,0.0,0.0005,0.005,0.0,0.0,0.0,0.0,0.0,0.0,0.0005,0.005,0.0005,0.0005,0.0005,0.0005,0.0005,0.0,0.0005,0.0005,0.0005,0.0005,0.0005,0.0005,0.005,0.005,0.0005,0.5,0.5,0.005,0.0,0.0,0.0005,0.0005,0.0005,0.0005,0.0005,0.0005,0.0005,0.0005,0.0,0.0005,0.0005,0.0,0.0,0.0,0.0,0.0,0.0,0.0,0.0,0.0
17,died_w1,0.0005,0.0005,0.0,0.005,0.0,0.0,0.01,0.0005,0.0,0.0,0.005,0.005,0.0,0.0,0.0,0.0,0.0,0.0,0.0005,0.005,0.0005,0.0005,0.0005,0.0005,0.0005,0.0,0.0005,0.0005,0.0005,0.0005,0.0005,0.0005,0.005,0.005,0.0005,0.05,0.05,0.005,0.0,0.0,0.0005,0.0005,0.0005,0.0005,0.0005,0.0005,0.0005,0.0,0.0,0.0005,0.0005,0.0,0.0,0.0,0.0,0.0,0.0,0.0,0.0,0.0
18,acute,0.5,0.5,0.005,0.5,0.8,0.5,0.8,0.5,0.0005,0.02,0.8,0.8,0.0005,0.0005,0.0005,0.0005,0.0005,0.0005,0.0005,0.0005,0.2,0.8,0.005,0.5,0.05,0.0005,0.8,0.2,0.2,0.2,0.5,0.0005,0.2,0.8,0.8,0.8,0.8,0.8,1,1,0.8,0.8,0.8,0.8,0.8,0.8,0.8,0.8,0.8,0.8,0.8,0.8,0.5,0.8,0.8,0.8,0.5,0.2,0.8,0.5
19,chronic,0.05,0.05,0.8,0.1,0.00001,0.1,0.00001,0.005,0.5,0.8,0.005,0.005,0.8,0.8,0.8,0.8,0.8,0.8,0.5,0.5,0.5,0.005,0.5,0.05,0.5,0.8,0.2,0.2,0.5,0.5,0.5,0.8,0.2,0.0005,0.0,0.0005,0.0005,0.005,0.0,0.0,0.005,0.005,0.005,0.0005,0.005,0.005,0.005,0.005,0.005,0.002,0.005,0.005,0.05,0.005,0.005,0.0005,0.05,0.05,0.0005,0.2
20,sudden,0.05,0.05,0.01,0.005,0.05,0.02,0.2,0.005,0.005,0.0,0.05,0.05,0.0005,0.0005,0.0005,0.0005,0.0005,0.0005,0.05,0.002,0.005,0.8,0.005,0.8,0.5,0.0005,0.5,0.5,0.005,0.005,0.8,0.05,0.05,0.5,0.5,0.05,0.05,0.5,1,1,0.8,0.8,0.8,0.8,0.8,0.5,0.5,0.2,0.2,0.8,0.8,0.5,0.5,0.8,0.8,0.5,0.2,0.2,0.5,0.5
21,wet_seas,0.2,0.2,0.5,0.2,0.8,0.2,0.05,0.2,0.2,0.5,0.2,0.2,0.5,0.5,0.5,0.5,0.5,0.5,0.2,0.5,0.2,0.2,0.5,0.2,0.2,0.5,0.5,0.2,0.2,0.2,0.2,0.2,0.2,0.5,0.5,0.2,0.2,0.5,0.5,0.5,0.5,0.5,0.5,0.5,0.5,0.5,0.5,0.5,0.5,0.5,0.5,0.5,0.5,0.5,0.5,0.5,0.5,0.5,0.5,0.5
22,dry_seas,0.5,0.5,0.5,0.5,0.05,0.5,0.5,0.5,0.5,0.5,0.5,0.5,0.5,0.5,0.5,0.5,0.5,0.5,0.5,0.2,0.5,0.5,0.5,0.5,0.5,0.5,0.5,0.5,0.5,0.5,0.5,0.5,0.5,0.5,0.5,0.5,0.5,0.5,0.5,0.5,0.2,0.5,0.5,0.2,0.5,0.5,0.5,0.5,0.5,0.5,0.5,0.5,0.5,0.5,0.5,0.5,0.5,0.5,0.5,0.5
23,heart_dis,0.0005,0.0005,0.00001,0.005,0.0005,0.0005,0.0005,0.0005,0.0005,0.0005,0.0005,0.0001,0.0001,0.0001,0.0001,0.0001,0.0001,0.0001,0.01,0.0005,0.05,0.8,0.0005,0.005,0.8,0.01,0.01,0.01,0.01,0.01,0.01,0.01,0.05,0.005,0.005,0.005,0.005,0.0,0.0,0.0,0.0005,0.0005,0.0005,0.0005,0.0005,0.0005,0.0005,0.0005,0.0005,0.0005,0.0005,0.005,0.005,0.005,0.005,0.005,0.005,0.05,0.005,0.005
24,tuber,0.0005,0.0005,0.00001,0.0005,0.0005,0.0005,0.0005,0.0005,0.8,0.0005,0.0005,0.0001,0.0005,0.0005,0.00001,0.0005,0.0005,0.0005,0.005,0.0005,0.005,0.005,0.0005,0.005,0.0005,0.0005,0.0005,0.005,0.005,0.005,0.005,0.005,0.0005,0.0005,0.0,0.0005,0.0005,0.0,0.0,0.0,0.0005,0.0005,0.0005,0.0005,0.0005,0.0005,0.0005,0.0005,0.0005,0.0005,0.0005,0.005,0.005,0.005,0.005,0.005,0.005,0.005,0.005,0.005
25,hiv_aids,0.05,0.5,0.8,0.005,0.0005,0.005,0.005,0.005,0.005,0.005,0.005,0.0001,0.05,0.005,0.005,0.005,0.05,0.05,0.05,0.0005,0.05,0.05,0.0005,0.005,0.0005,0.005,0.05,0.05,0.05,0.05,0.05,0.005,0.0005,0.0005,0.0005,0.0005,0.0005,0.0,0.0,0.0,0.005,0.0005,0.0005,0.005,0.0005,0.0005,0.0005,0.005,0.1,0.005,0.005,0.05,0.05,0.05,0.05,0.05,0.02,0.05,0.05,0.005
26,hypert,0.005,0.005,0.0005,0.0005,0.0005,0.0005,0.0005,0.0005,0.0005,0.0005,0.005,0.0001,0.0001,0.0001,0.0001,0.0001,0.0001,0.0001,0.05,0.005,0.05,0.2,0.0005,0.8,0.5,0.005,0.05,0.05,0.05,0.05,0.05,0.005,0.0005,0.0005,0.0005,0.0005,0.0005,0.0,0.0,0.0,0.05,0.05,0.05,0.05,0.05,0.05,0.05,0.05,0.05,0.05,0.05,0.005,0.005,0.8,0.005,0.005,0.005,0.005,0.005,0.005
27,diabetes,0.005,0.005,0.0005,0.005,0.005,0.005,0.005,0.01,0.0005,0.0001,0.0005,0.0001,0.0001,0.0001,0.0001,0.0001,0.0001,0.0001,0.005,0.0005,1,0.02,0.0005,0.005,0.005,0.005,0.005,0.005,0.005,0.01,0.005,0.005,0.0005,0.0005,0.0005,0.0005,0.0005,0.0,0.0,0.0,0.0005,0.0005,0.0005,0.0005,0.0005,0.0005,0.0005,0.0005,0.0005,0.0005,0.0005,0.005,0.005,0.005,0.005,0.005,0.005,0.005,0.005,0.005
28,asthma,0.0005,0.005,0.0005,0.0005,0.0005,0.01,0.0005,0.0005,0.005,0.0005,0.0005,0.0001,0.00001,0.00001,0.00001,0.00001,0.00001,0.00001,0.01,0.0005,0.01,0.01,0.0005,0.01,0.0005,0.0005,1,0.01,0.01,0.01,0.01,0.01,0.0005,0.0005,0.0005,0.0005,0.0005,0.0,0.0,0.0,0.0005,0.0005,0.0005,0.0005,0.0005,0.0005,0.0005,0.0005,0.0005,0.0005,0.0005,0.005,0.005,0.005,0.005,0.005,0.005,0.005,0.005,0.005
29,epilepsy,0.0005,0.0005,0.0005,0.0005,0.0005,0.0005,0.0005,0.0005,0.0005,0.0005,0.0005,0.0001,0.0005,0.0005,0.0005,0.0005,0.0005,0.005,0.002,0.0005,0.002,0.002,0.0005,0.002,0.0005,0.002,0.002,0.002,0.002,0.002,1,0.002,0.005,0.005,0.0005,0.0005,0.0005,0.0005,0.0,0.0,0.0005,0.0005,0.005,0.0005,0.005,0.0005,0.0005,0.0005,0.0005,0.0005,0.0005,0.005,0.005,0.005,0.005,0.005,0.005,0.005,0.005,0.005
30,cancer,0.0005,0.0005,0.0005,0.0005,0.0005,0.0005,0.0005,0.0005,0.00001,0.0005,0.0005,0.0001,1,1,1,1,1,1,0.005,0.0005,0.0005,0.0005,0.0005,0.0005,0.0005,0.0005,0.0005,0.0005,0.0005,0.0005,0.0005,0.0005,0.0005,0.0,0.0,0.0,0.0,0.0,0.0,0.0,0.0005,0.0005,0.0005,0.0005,0.0005,0.0005,0.0005,0.0005,0.005,0.0005,0.0005,0.0005,0.0005,0.0005,0.0005,0.0005,0.0005,0.0005,0.0005,0.005
31,copd,0.0005,0.0005,0.0005,0.0005,0.0005,0.0005,0.0005,0.0005,0.0005,0.0005,0.0005,0.0001,0.00001,0.00001,0.00001,0.00001,0.00001,0.00001,0.002,0.0005,0.0005,0.0005,0.0005,0.0005,0.0005,0.8,0.02,0.002,0.002,0.002,0.002,0.002,0.0,0.0,0.0,0.0,0.0,0.0,0.0,0.0,0.0005,0.0005,0.0005,0.0005,0.0005,0.0005,0.0005,0.0005,0.0005,0.0005,0.0005,0.0005,0.0005,0.0005,0.0005,0.0005,0.0005,0.0005,0.0005,0.005
32,dement,0.0005,0.0005,0.0005,0.0005,0.0005,0.0005,0.0005,0.0005,0.0005,0.0005,0.0005,0.0005,0.005,0.005,0.005,0.005,0.005,0.005,0.005,0.005,0.005,0.005,0.005,0.005,0.005,0.005,0.005,0.005,0.005,0.005,0.005,0.005,0.005,0.0,0.0,0.0,0.0,0.0,0.0,0.0,0.005,0.005,0.005,0.005,0.005,0.005,0.005,0.005,0.05,0.005,0.005,0.005,0.005,0.005,0.005,0.005,0.005,0.005,0.005,0.005
33,depress,0.0005,0.0005,0.0005,0.0005,0.0005,0.0005,0.0005,0.0005,0.0005,0.0005,0.0005,0.0005,0.005,0.005,0.005,0.005,0.005,0.005,0.005,0.005,0.005,0.005,0.005,0.005,0.005,0.005,0.005,0.005,0.005,0.005,0.005,0.005,0.005,0.0,0.0,0.0,0.0,0.0,0.0,0.0,0.05,0.05,0.05,0.05,0.05,0.005,0.005,0.05,0.5,0.005,0.005,0.005,0.005,0.005,0.005,0.005,0.005,0.005,0.005,0.005
34,stroke,0.01,0.01,0.0005,0.0005,0.0005,0.0005,0.0005,0.0005,0.0005,0.0005,0.0005,0.0001,0.0001,0.0001,0.0001,0.0001,0.0001,0.0001,0.01,0.0005,0.01,0.01,0.05,1,0.0005,0.01,0.01,0.01,0.01,0.01,0.002,0.002,0.01,0.0005,0.0005,0.0005,0.0005,0.0,0.0,0.0,0.0005,0.0005,0.0005,0.0005,0.0005,0.0005,0.0005,0.0005,0.0005,0.0005,0.0005,0.0005,0.0005,0.05,0.0005,0.0005,0.0005,0.0005,0.0005,0.005
35,sickle,0.002,0.002,0.0005,0.002,0.0005,0.002,0.002,0.0005,0.0005,0.0001,0.0005,0.0001,0.0005,0.0005,0.0005,0.0005,0.0005,0.0005,0.002,0.0005,0.002,0.002,0.8,0.01,0.0005,0.002,0.002,0.002,0.002,0.002,0.002,0.002,0.0005,0.0005,0.0005,0.0005,0.0005,0.0,0.0,0.0,0.0005,0.0005,0.0005,0.0005,0.0005,0.0005,0.0005,0.0005,0.0005,0.0005,0.0005,0.005,0.005,0.005,0.005,0.005,0.005,0.005,0.005,0.005
36,kidney_dis,0.0005,0.0005,0.0005,0.0005,0.0005,0.0005,0.0005,0.0005,0.0005,0.0001,0.0005,0.0001,0.0005,0.0005,0.0005,0.0005,0.0005,0.0005,0.002,0.0005,0.005,0.002,0.0005,0.005,0.0005,0.002,0.002,0.002,0.002,1,0.002,0.002,0.0005,0.0005,0.0005,0.0005,0.0005,0.0,0.0,0.0,0.0005,0.0005,0.0005,0.0005,0.0005,0.0005,0.0005,0.0005,0.0005,0.0005,0.0005,0.005,0.005,0.005,0.005,0.005,0.005,0.005,0.005,0.005
37,liver_dis,0.0005,0.0005,0.0005,0.0005,0.0005,0.0005,0.0005,0.0005,0.0005,0.0005,0.0005,0.0001,0.0005,0.05,0.0005,0.0005,0.0005,0.005,0.002,0.002,0.002,0.002,0.01,0.002,0.0005,0.002,0.002,0.002,1,0.002,0.002,0.002,0.0005,0.0005,0.0005,0.0005,0.0005,0.0,0.0,0.0,0.0005,0.0005,0.0005,0.0005,0.0005,0.0005,0.0005,0.002,0.0005,0.0005,0.005,0.005,0.005,0.005,0.005,0.005,0.005,0.005,0.005,0.005
38,measles,0.1,0.1,0.0005,0.1,0.0005,0.8,0.0005,0.0005,0.0005,0.0005,0.0005,0.0001,0.0005,0.0005,0.0005,0.0005,0.0005,0.0005,0.002,0.005,0.002,0.0005,0.0005,0.0005,0.0005,0.002,0.002,0.002,0.002,0.002,0.002,0.002,0.0005,0.0,0.0,0.0,0.0,0.0,0.0,0.0,0.0005,0.0005,0.0005,0.0005,0.0005,0.0005,0.0005,0.0005,0.0005,0.0005,0.0005,0.0005,0.0005,0.0005,0.0005,0.0005,0.0005,0.0005,0.0005,0.0005
39,men_con,0.0005,0.0005,0.0005,0.0005,0.0005,0.0005,0.0005,0.0005,0.0005,0.0005,0.0005,0.0005,0.0005,0.0005,0.0005,0.0005,0.0005,0.005,0.01,0.005,0.0005,0.0005,0.0005,0.05,0.01,0.002,0.002,0.002,0.002,0.002,0.002,0.5,0.0,0.0,0.0,0.0,0.0,0.0,0.0,0.0,0.005,0.0005,0.0005,0.0005,0.0005,0.0005,0.0005,0.005,0.0005,0.0005,0.0005,0.0005,0.0005,0.0005,0.0005,0.0005,0.0005,0.0005,0.0005,0.0005
40,mencon3,0.0005,0.0005,0.0005,0.0005,0.0005,0.0005,0.0005,0.0005,0.0005,0.0005,0.0005,0.0005,0.0005,0.0005,0.0005,0.0005,0.0005,0.005,0.005,0.005,0.005,0.005,0.005,0.005,0.005,0.005,0.005,0.005,0.005,0.005,0.005,0.005,0.0,0.0,0.0,0.0,0.0,0.0,0.0,0.0,0.005,0.005,0.005,0.005,0.005,0.005,0.005,0.005,0.005,0.005,0.005,0.005,0.005,0.005,0.005,0.005,0.005,0.005,0.005,0.005
41,malaria,0.00001,0.0005,0.0005,0.005,0.8,0.0005,0.0001,0.0005,0.0005,0.0005,0.0005,0.0001,0.0005,0.0005,0.0005,0.0005,0.0005,0.0005,0.01,0.002,0.002,0.002,0.0005,0.0005,0.0005,0.002,0.002,0.002,0.005,0.002,0.002,0.002,0.002,0.0005,0.0005,0.0005,0.0005,0.0,0.0,0.0,0.0005,0.0005,0.0005,0.0005,0.0005,0.0005,0.0005,0.0005,0.0005,0.0005,0.005,0.0005,0.0005,0.0005,0.0005,0.0005,0.0005,0.0005,0.0005,0.0005
42,malarneg,0.05,0.05,0.05,0.05,0.0005,0.05,0.005,0.005,0.005,0.005,0.1,0.1,0.0005,0.0005,0.0005,0.0005,0.0005,0.0005,0.2,0.1,0.05,0.05,0.1,0.05,0.05,0.05,0.05,0.05,0.05,0.05,0.05,0.005,0.0005,0.0005,0.0005,0.0005,0.0005,0.0,0.0,0.0,0.05,0.05,0.05,0.05,0.05,0.05,0.05,0.05,0.05,0.05,0.05,0.05,0.05,0.05,0.05,0.05,0.05,0.05,0.05,0.05
43,fever,0.5,0.5,0.1,0.005,0.8,0.5,0.8,0.1,0.1,0.1,0.8,0.5,0.005,0.005,0.005,0.005,0.005,0.002,0.005,0.005,0.005,0.01,0.01,0.01,0.01,0.0005,0.0005,0.2,0.005,0.005,0.005,0.005,0.0005,0.0005,0.0005,0.5,0.5,0.005,0.0,0.0,0.005,0.0005,0.0005,0.0005,0.0005,0.005,0.0005,0.0005,0.0005,0.0005,0.0005,0.005,0.05,0.005,0.005,0.005,0.5,0.005,0.005,0.005
44,ac_fever,0.8,0.8,0.005,0.1,1,0.5,0.8,0.2,0.005,0.005,1,0.8,0.05,0.05,0.05,0.05,0.05,0.05,0.005,0.005,0.005,0.05,0.05,0.05,0.05,0.005,0.0005,0.2,0.005,0.05,0.005,0.05,0.0005,0.0005,0.0005,0.5,0.5,0.0005,0.0,0.0,0.1,0.05,0.05,0.0005,0.0005,0.005,0.0005,0.0005,0.0005,0.0005,0.0005,0.5,0.5,0.05,0.1,0.05,0.8,0.05,0.05,0.005
45,ch_fever,0.005,0.005,0.2,0.02,0.02,0.02,0.005,0.1,0.5,0.5,0.05,0.2,0.05,0.05,0.05,0.05,0.05,0.05,0.05,0.05,0.05,0.05,0.05,0.05,0.05,0.005,0.005,0.05,0.05,0.05,0.05,0.05,0.05,0.0005,0.0005,0.05,0.05,0.0,0.0,0.0,0.0005,0.0005,0.0005,0.0005,0.0005,0.0005,0.0005,0.0005,0.0005,0.0005,0.0005,0.005,0.005,0.005,0.005,0.005,0.005,0.005,0.005,0.005
46,night_sw,0.002,0.002,0.01,0.0005,0.01,0.0005,0.0005,0.0005,0.5,0.0005,0.0005,0.0005,0.05,0.05,0.05,0.05,0.05,0.05,0.002,0.002,0.002,0.002,0.002,0.002,0.002,0.002,0.002,0.002,0.002,0.002,0.002,0.002,0.0,0.0,0.0,0.0005,0.0005,0.0,0.0,0.0,0.0005,0.0005,0.0005,0.0005,0.0005,0.002,0.0005,0.002,0.0005,0.0005,0.0005,0.0005,0.005,0.0005,0.0005,0.0005,0.005,0.0005,0.0005,0.0005
47,cough,0.02,0.5,0.5,0.005,0.2,0.2,0.005,0.005,0.8,0.8,0.005,0.05,0.0005,0.0005,0.5,0.002,0.0005,0.05,0.5,0.05,0.005,0.005,0.05,0.005,0.2,1,0.005,0.005,0.005,0.005,0.005,0.05,0.0005,0.0005,0.02,0.5,0.0005,0.005,0.0,0.0,0.0005,0.0005,0.0005,0.0005,0.0005,0.0005,0.0005,0.0005,0.0005,0.0005,0.0005,0.005,0.005,0.005,0.005,0.005,0.005,0.005,0.005,0.005
48,ac_cough,0.02,0.8,0.005,0.05,0.2,0.2,0.0005,0.005,0.005,0.2,0.005,0.1,0.1,0.005,0.005,0.1,0.005,0.005,0.5,0.005,0.1,0.2,0.005,0.2,0.1,0.05,0.8,0.1,0.1,0.1,0.1,0.1,0.0005,0.0005,0.002,0.1,0.0005,0.005,0.0,0.0,0.0005,0.0005,0.0005,0.0005,0.0005,0.0005,0.0005,0.0005,0.0005,0.0005,0.0005,0.0005,0.0005,0.0005,0.0005,0.0005,0.005,0.0005,0.0005,0.0005
49,ch_cough,0.0005,0.005,0.2,0.005,0.005,0.005,0.0005,0.005,0.8,0.8,0.0005,0.1,0.02,0.02,0.5,0.02,0.02,0.05,0.05,0.1,0.05,0.05,0.05,0.1,0.2,1,0.05,0.05,0.05,0.05,0.05,0.05,0.0005,0.0005,0.0005,0.005,0.0005,0.0,0.0,0.0,0.0005,0.0005,0.0005,0.0005,0.0005,0.0005,0.0005,0.0005,0.0005,0.0005,0.0005,0.0005,0.0005,0.0005,0.0005,0.0005,0.0005,0.005,0.0005,0.0005
50,pr_cough,0.0005,0.5,0.05,0.005,0.005,0.01,0.0005,0.005,0.5,0.5,0.0005,0.02,0.02,0.05,0.05,0.02,0.05,0.02,0.02,0.005,0.02,0.05,0.005,0.005,0.005,0.8,0.2,0.02,0.02,0.02,0.02,0.02,0.0005,0.0005,0.0005,0.0,0.0,0.0005,0.0,0.0,0.0005,0.0005,0.0005,0.0005,0.0005,0.0005,0.0005,0.0005,0.0005,0.0005,0.0005,0.0005,0.0005,0.0005,0.0005,0.0005,0.0005,0.0005,0.0005,0.0005
51,bl_cough,0.0005,0.005,0.02,0.0001,0.0001,0.0001,0.0001,0.0001,0.5,0.0001,0.01,0.0005,0.01,0.05,0.5,0.01,0.05,0.02,0.01,0.005,0.01,0.01,0.005,0.01,0.005,0.02,0.01,0.01,0.01,0.01,0.01,0.01,0.0005,0.0005,0.0005,0.0005,0.0005,0.0005,0.0,0.0,0.05,0.05,0.005,0.0005,0.0005,0.0005,0.0005,0.01,0.0005,0.0005,0.0005,0.0005,0.0005,0.0005,0.0005,0.0005,0.0005,0.0005,0.0005,0.0005
52,whoop,0.00001,0.00001,0.00001,0.00001,0.00001,0.00001,0.00001,0.00001,0.00001,1,0.00001,0.00001,0.0005,0.0005,0.0005,0.0005,0.0005,0.0005,0.0005,0.0005,0.0005,0.0005,0.0005,0.0005,0.0005,0.0005,0.0005,0.0005,0.0005,0.0005,0.0005,0.0005,0.0,0.0,0.0,0.0,0.0,0.0,0.0,0.0,0.0005,0.0005,0.0005,0.0005,0.0005,0.0005,0.0005,0.0005,0.0005,0.0005,0.0005,0.0005,0.0005,0.0005,0.0005,0.0005,0.0005,0.0005,0.0005,0.0005
53,breath,0.0005,0.8,0.1,0.0005,0.2,0.2,0.005,0.0005,0.8,0.8,0.005,0.05,0.005,0.005,0.5,0.05,0.005,0.05,0.2,0.005,0.005,0.005,0.005,0.005,0.05,0.8,0.8,0.005,0.005,0.005,0.005,0.05,0.005,0.005,0.8,0.5,0.0005,0.05,0.0,0.0,0.005,0.005,0.0005,0.005,0.005,0.2,0.005,0.005,0.0005,0.0005,0.0005,0.005,0.005,0.005,0.005,0.005,0.005,0.05,0.005,0.005
54,rapid_br,0.005,0.8,0.05,0.0005,0.2,0.2,0.1,0.1,0.05,0.05,0.1,0.1,0.0005,0.0005,0.0005,0.05,0.005,0.0005,0.05,0.05,0.002,0.005,0.01,0.002,0.005,0.05,0.005,0.005,0.005,0.005,0.005,0.005,0.05,0.0005,0.05,0.5,0.0005,0.0005,0.0,0.0,0.0005,0.0005,0.0005,0.0005,0.005,0.005,0.0005,0.005,0.0005,0.0005,0.0005,0.0005,0.0005,0.0005,0.0005,0.0005,0.0005,0.0005,0.0005,0.0005
55,ac_rpbr,0.02,0.5,0.0005,0.0005,0.2,0.2,0.1,0.0005,0.0005,0.005,0.0005,0.1,0.0005,0.0005,0.0005,0.05,0.005,0.0005,0.1,0.05,0.0005,0.005,0.05,0.002,0.05,0.05,0.05,0.005,0.005,0.005,0.005,0.005,0.05,0.0005,0.05,0.5,0.0005,0.0005,0.0,0.0,0.0005,0.0005,0.0005,0.0005,0.005,0.005,0.0005,0.005,0.0005,0.0005,0.0005,0.0005,0.0005,0.0005,0.0005,0.0005,0.0005,0.0005,0.0005,0.0005
56,ch_rpbr,0.0005,0.05,0.1,0.0005,0.0005,0.0005,0.00001,0.005,0.005,0.05,0.005,0.005,0.0005,0.0005,0.0005,0.05,0.005,0.0005,0.02,0.01,0.002,0.0005,0.005,0.0001,0.1,0.05,0.0005,0.005,0.005,0.005,0.005,0.005,0.005,0.0005,0.0,0.0,0.0,0.0005,0.0,0.0,0.0005,0.0005,0.0005,0.0005,0.0005,0.0005,0.0005,0.0005,0.0005,0.0005,0.0005,0.0005,0.0005,0.0005,0.0005,0.0005,0.0005,0.0005,0.0005,0.0005
57,br_less,0.05,0.5,0.05,0.0005,0.1,0.05,0.05,0.05,0.8,0.05,0.005,0.1,0.05,0.05,0.5,0.05,0.05,0.05,0.05,0.01,0.005,0.05,0.005,0.005,0.05,1,0.05,0.005,0.005,0.005,0.005,0.005,0.005,0.0005,0.5,0.5,0.0005,0.0005,0.0,0.0,0.005,0.005,0.005,0.005,0.005,0.005,0.0005,0.005,0.0005,0.0005,0.0005,0.005,0.005,0.005,0.005,0.005,0.005,0.005,0.005,0.005
58,ac_brl,0.05,0.5,0.0005,0.0005,0.1,0.05,0.05,0.05,0.005,0.005,0.005,0.1,0.05,0.05,0.2,0.1,0.05,0.05,0.2,0.01,0.0005,0.1,0.01,0.02,0.02,0.0005,0.1,0.0005,0.0005,0.0005,0.0005,0.0005,0.005,0.0005,0.5,0.5,0.0005,0.0005,0.0,0.0,0.0005,0.0005,0.0005,0.0005,0.005,0.005,0.0005,0.005,0.0005,0.0005,0.0005,0.005,0.005,0.005,0.01,0.005,0.005,0.05,0.005,0.005
59,ch_brl,0.005,0.005,0.1,0.0005,0.0005,0.0005,0.00001,0.0005,0.8,0.05,0.0005,0.005,0.0005,0.0005,0.8,0.0005,0.0005,0.005,0.05,0.01,0.005,0.0005,0.002,0.0005,0.1,1,0.0005,0.0005,0.0005,0.0005,0.0005,0.005,0.005,0.0005,0.0,0.0,0.0,0.0005,0.0,0.0,0.0005,0.0005,0.0005,0.0005,0.0005,0.0005,0.0005,0.0005,0.0005,0.0005,0.0005,0.005,0.005,0.005,0.005,0.005,0.005,0.02,0.005,0.005
60,exert_br,0.005,0.005,0.01,0.0005,0.0005,0.0005,0.0005,0.0005,0.01,0.0001,0.0005,0.0005,0.005,0.005,0.2,0.005,0.005,0.01,0.005,0.005,0.005,0.05,0.05,0.005,0.8,1,0.5,0.005,0.005,0.005,0.005,0.005,0.0005,0.0005,0.0,0.0,0.0,0.0005,0.0,0.0,0.0005,0.0005,0.0005,0.0005,0.0005,0.0005,0.0005,0.0005,0.0005,0.0005,0.0005,0.0005,0.0005,0.0005,0.01,0.0005,0.005,0.01,0.0005,0.0005
61,lying_br,0.005,0.005,0.005,0.0005,0.0005,0.0005,0.0005,0.0005,0.005,0.0001,0.0005,0.0005,0.005,0.005,0.2,0.005,0.005,0.005,0.005,0.005,0.005,0.05,0.005,0.005,0.8,0.8,0.8,0.005,0.005,0.005,0.005,0.005,0.0005,0.0005,0.0,0.0,0.0,0.0005,0.0,0.0,0.0005,0.0005,0.0005,0.0005,0.0005,0.0005,0.0005,0.0005,0.0005,0.0005,0.0005,0.0005,0.0005,0.0005,0.005,0.0005,0.005,0.01,0.0005,0.0005
62,chest_in,0.005,0.5,0.002,0.0005,0.0005,0.0005,0.0005,0.0005,0.002,0.005,0.0005,0.002,0.0,0.0,0.0,0.0,0.0,0.0,0.002,0.002,0.002,0.002,0.002,0.002,0.002,0.002,0.002,0.002,0.002,0.002,0.002,0.002,0.002,0.002,0.05,0.5,0.05,0.01,0.0,0.0,0.0005,0.0005,0.0005,0.0005,0.0005,0.0005,0.0005,0.0005,0.0005,0.0005,0.0005,0.0005,0.0005,0.0005,0.0005,0.0005,0.0005,0.0005,0.0005,0.0005
63,wheeze,0.005,0.005,0.005,0.0005,0.01,0.0005,0.0005,0.0005,0.005,0.05,0.005,0.05,0.005,0.005,0.5,0.005,0.005,0.005,0.005,0.005,0.005,0.0005,0.005,0.005,0.0005,0.5,1,0.005,0.005,0.005,0.005,0.005,0.005,0.005,0.002,0.5,0.005,0.05,0.0,0.0,0.0005,0.0005,0.0005,0.0005,0.0005,0.0005,0.0005,0.0005,0.0005,0.0005,0.0005,0.0005,0.0005,0.0005,0.0005,0.0005,0.0005,0.0005,0.0005,0.0005
64,ch_pain,0.05,0.05,0.01,0.0005,0.05,0.05,0.005,0.05,0.05,0.05,0.05,0.005,0.05,0.02,0.5,0.05,0.02,0.1,0.005,0.02,0.005,0.8,0.1,0.005,0.2,0.0005,0.0005,0.0005,0.0005,0.0005,0.0005,0.05,0.0005,0.0,0.0,0.0,0.0,0.0,0.0,0.0,0.1,0.1,0.005,0.0005,0.005,0.005,0.005,0.0005,0.0005,0.0005,0.0005,0.0005,0.0005,0.0005,0.0005,0.0005,0.0005,0.005,0.0005,0.0005
65,yellow,0.005,0.005,0.005,0.005,0.05,0.005,0.005,0.005,0.005,0.005,0.005,0.05,0.005,0.5,0.05,0.005,0.005,0.5,0.005,0.02,0.005,0.0005,0.1,0.0005,0.0005,0.0005,0.0005,0.01,0.8,0.005,0.0005,0.005,0.005,0.02,0.002,0.005,0.005,0.002,0.0005,0.0005,0.0005,0.0005,0.0005,0.0005,0.0005,0.0005,0.0005,0.005,0.0005,0.0005,0.0005,0.005,0.005,0.005,0.005,0.005,0.05,0.005,0.005,0.005
66,diarr,0.005,0.005,0.2,1,0.005,0.05,0.005,0.005,0.005,0.005,0.005,0.05,0.005,0.2,0.0005,0.005,0.5,0.05,0.005,0.5,0.005,0.005,0.005,0.005,0.005,0.005,0.005,0.05,0.05,0.005,0.005,0.5,0.005,0.005,0.005,0.005,0.005,0.01,0.0,0.0,0.005,0.005,0.005,0.005,0.005,0.005,0.005,0.05,0.005,0.005,0.005,0.005,0.005,0.005,0.005,0.005,0.005,0.005,0.005,0.005
67,ac_diarr,0.005,0.005,0.01,1,0.05,0.05,0.005,0.005,0.005,0.005,0.05,0.02,0.02,0.2,0.00001,0.01,0.01,0.005,0.02,0.05,0.05,0.005,0.05,0.1,0.005,0.005,0.02,0.1,0.02,0.02,0.1,0.005,0.02,0.005,0.005,0.1,0.1,0.002,0.0,0.0,0.005,0.002,0.002,0.002,0.002,0.01,0.005,0.01,0.005,0.005,0.005,0.005,0.005,0.005,0.005,0.005,0.005,0.005,0.005,0.005
68,pe_diarr,0.005,0.005,0.02,1,0.005,0.005,0.005,0.005,0.005,0.005,0.0005,0.02,0.02,0.2,0.0005,0.01,0.01,0.005,0.02,0.2,0.02,0.005,0.02,0.02,0.005,0.005,0.02,0.05,0.02,0.02,0.02,0.1,0.02,0.005,0.0005,0.02,0.02,0.0,0.0,0.0,0.005,0.005,0.005,0.005,0.005,0.005,0.005,0.005,0.005,0.005,0.005,0.005,0.005,0.005,0.005,0.005,0.005,0.005,0.005,0.005
69,ch_diarr,0.005,0.005,0.5,1,0.005,0.005,0.005,0.005,0.005,0.005,0.0005,0.05,0.05,0.5,0.0005,0.01,0.01,0.005,0.05,0.5,0.05,0.005,0.05,0.05,0.005,0.005,0.05,0.1,0.05,0.05,0.05,0.1,0.05,0.005,0.0005,0.05,0.05,0.0,0.0,0.0,0.005,0.005,0.005,0.005,0.005,0.005,0.005,0.005,0.005,0.005,0.005,0.005,0.005,0.005,0.005,0.005,0.005,0.005,0.005,0.005
70,bl_diarr,0.005,0.005,0.01,1,0.005,0.005,0.005,0.005,0.005,0.005,0.05,0.0005,0.005,0.2,0.0005,0.005,0.005,0.005,0.005,0.005,0.005,0.005,0.005,0.005,0.005,0.005,0.005,0.05,0.005,0.005,0.005,0.005,0.0005,0.0005,0.0005,0.0005,0.0005,0.002,0.0,0.0,0.0005,0.0005,0.0005,0.0005,0.0005,0.0005,0.0005,0.0005,0.0005,0.0005,0.0005,0.0005,0.0005,0.0005,0.0005,0.0005,0.0005,0.0005,0.0005,0.0005
71,vomiting,0.2,0.2,0.2,0.5,0.2,0.05,0.5,0.1,0.1,0.8,0.2,0.2,0.1,0.2,0.005,0.1,0.05,0.1,0.1,0.005,0.1,0.2,0.1,0.2,0.1,0.005,0.1,0.2,0.2,0.005,0.005,0.1,0.1,0.005,0.005,0.1,0.1,0.005,0.0,0.0,0.05,0.05,0.05,0.05,0.0005,0.05,0.0005,0.5,0.1,0.1,0.2,0.05,0.05,0.05,0.05,0.05,0.02,0.05,0.05,0.05
72,bl_vomit,0.0005,0.0005,0.005,0.005,0.005,0.005,0.005,0.005,0.005,0.005,0.5,0.005,0.005,0.2,0.005,0.005,0.005,0.005,0.005,0.0005,0.005,0.005,0.005,0.005,0.005,0.005,0.005,0.05,0.05,0.0005,0.0005,0.05,0.0005,0.0005,0.0005,0.0005,0.0005,0.0005,0.0,0.0,0.005,0.005,0.0005,0.0005,0.0005,0.0005,0.0005,0.0005,0.0005,0.0005,0.0005,0.0005,0.0005,0.0005,0.0005,0.0005,0.0005,0.0005,0.0005,0.0005
73,abdom,0.005,0.0005,0.005,0.5,0.005,0.005,0.005,0.005,0.0005,0.005,0.005,0.05,0.005,0.5,0.005,0.005,0.5,0.1,0.005,0.005,0.005,0.005,0.005,0.005,0.005,0.0005,0.005,1,0.5,0.5,0.005,0.1,0.005,0.0005,0.0005,0.0005,0.0005,0.05,0.0,0.0,0.005,0.005,0.005,0.005,0.005,0.005,0.005,0.005,0.005,0.005,0.05,0.5,0.5,0.005,0.005,0.005,0.5,0.005,0.5,0.8
74,abd_pain,0.005,0.0005,0.02,0.5,0.2,0.05,0.005,0.1,0.0005,0.1,0.5,0.2,0.005,0.5,0.0005,0.05,0.8,0.005,0.05,0.2,0.05,0.05,0.1,0.05,0.005,0.0005,0.005,0.8,0.5,0.2,0.005,0.05,0.0005,0.0,0.0,0.0,0.0,0.0,0.0,0.0,0.05,0.05,0.005,0.0005,0.0005,0.05,0.0005,0.2,0.05,0.05,0.05,0.8,0.8,0.02,0.05,0.8,0.1,0.02,0.8,0.5
75,ac_abdp,0.05,0.0005,0.02,0.8,0.5,0.05,0.005,0.02,0.0005,0.0005,0.5,0.1,0.01,0.05,0.0005,0.0005,0.05,0.05,0.05,0.05,0.02,0.1,0.05,0.05,0.005,0.0005,0.005,1,0.1,0.5,0.005,0.005,0.0005,0.0,0.0,0.0,0.0,0.0,0.0,0.0,0.1,0.1,0.05,0.0005,0.0005,0.05,0.0005,0.5,0.05,0.05,0.05,0.8,0.8,0.02,0.1,0.8,0.2,0.02,0.8,0.8
76,ch_abdp,0.0005,0.0005,0.02,0.005,0.005,0.005,0.005,0.005,0.0005,0.0005,0.005,0.005,0.0005,0.8,0.0005,0.0005,0.8,0.0005,0.05,0.2,0.05,0.005,0.2,0.005,0.005,0.0005,0.0005,0.2,0.5,0.05,0.005,0.05,0.0005,0.0,0.0,0.0,0.0,0.0,0.0,0.0,0.0005,0.0005,0.0005,0.0005,0.0005,0.0005,0.0005,0.0005,0.005,0.005,0.05,0.005,0.005,0.02,0.005,0.0005,0.005,0.005,0.005,0.005
77,swe_abd,0.0005,0.0005,0.005,0.05,0.01,0.005,0.0005,0.005,0.0005,0.0005,0.05,0.005,0.0005,0.05,0.0005,0.005,0.05,0.005,0.005,0.005,0.005,0.0005,0.005,0.0005,0.0005,0.0005,0.0005,0.5,0.2,0.005,0.0005,0.005,0.005,0.0005,0.0005,0.0005,0.0005,0.005,0.0005,0.0005,0.0005,0.0005,0.0005,0.0005,0.0005,0.0005,0.0005,0.0005,0.0005,0.0005,0.0005,0.05,0.1,0.0005,0.005,0.005,0.005,0.0005,0.005,0.005
78,ac_swab,0.0005,0.0005,0.002,0.05,0.005,0.005,0.0005,0.0005,0.0005,0.0005,0.05,0.005,0.0005,0.005,0.0005,0.0005,0.005,0.0005,0.005,0.1,0.005,0.0005,0.005,0.0005,0.0005,0.0005,0.0005,0.5,0.05,0.005,0.0005,0.0005,0.0005,0.005,0.0005,0.0005,0.0005,0.005,0.0005,0.0005,0.0005,0.0005,0.0005,0.0005,0.0005,0.0005,0.0005,0.005,0.0005,0.0005,0.0005,0.05,0.1,0.0005,0.005,0.005,0.005,0.0005,0.005,0.005
79,ch_swab,0.0005,0.0005,0.01,0.0005,0.002,0.005,0.0005,0.0005,0.0005,0.0005,0.005,0.005,0.0005,0.5,0.0005,0.005,0.1,0.05,0.005,0.005,0.005,0.0005,0.02,0.0005,0.0005,0.0005,0.0005,0.005,0.2,0.005,0.0005,0.005,0.005,0.0001,0.0005,0.0005,0.0005,0.0005,0.0,0.0,0.0005,0.0005,0.0005,0.0005,0.0005,0.0005,0.0005,0.0005,0.0005,0.0005,0.0005,0.0005,0.0005,0.0005,0.0005,0.0005,0.0005,0.0005,0.0005,0.0005
80,abd_mass,0.0005,0.0005,0.01,0.005,0.002,0.002,0.0005,0.0005,0.0005,0.0005,0.005,0.002,0.0005,0.5,0.0005,0.002,0.8,0.005,0.002,0.002,0.002,0.0005,0.002,0.0005,0.0005,0.0005,0.0005,0.2,0.1,0.01,0.0005,0.005,0.002,0.0005,0.0005,0.0005,0.0005,0.005,0.0005,0.0005,0.0005,0.0005,0.0005,0.0005,0.0005,0.0005,0.0005,0.0005,0.0005,0.0005,0.0005,0.05,0.005,0.0005,0.0005,0.005,0.0005,0.0005,0.005,0.0005
81,ac_abdm,0.0005,0.0005,0.002,0.005,0.005,0.002,0.0005,0.0005,0.0005,0.0005,0.005,0.002,0.0005,0.005,0.0005,0.0005,0.05,0.0005,0.002,0.002,0.002,0.0005,0.002,0.0005,0.0005,0.0005,0.0005,0.2,0.05,0.01,0.0005,0.0005,0.0005,0.005,0.0005,0.0005,0.0005,0.005,0.0005,0.0005,0.0005,0.0005,0.0005,0.0005,0.0005,0.0005,0.0005,0.0005,0.0005,0.0005,0.0005,0.05,0.005,0.0005,0.0005,0.005,0.0005,0.0005,0.005,0.0005
82,ch_abdm,0.0005,0.0005,0.02,0.005,0.002,0.002,0.0005,0.0005,0.0005,0.0005,0.0005,0.002,0.0005,0.5,0.0005,0.005,0.8,0.05,0.002,0.002,0.002,0.0005,0.01,0.0005,0.0005,0.0005,0.0005,0.005,0.2,0.01,0.0005,0.005,0.002,0.0001,0.0005,0.0005,0.0005,0.0005,0.0,0.0,0.0005,0.0005,0.0005,0.0005,0.0005,0.0005,0.0005,0.0005,0.0005,0.0005,0.0005,0.005,0.0005,0.0005,0.0005,0.0005,0.0005,0.0005,0.0005,0.0005
83,headache,0.2,0.2,0.5,0.2,0.8,0.05,0.8,0.2,0.05,0.05,0.2,0.5,0.05,0.005,0.005,0.005,0.005,0.1,0.5,0.2,0.2,0.2,0.05,0.5,0.05,0.05,0.2,0.2,0.2,0.2,0.5,0.2,0.05,0.0,0.0,0.0,0.0,0.0,0.0,0.0,0.05,0.05,0.05,0.05,0.05,0.05,0.05,0.05,0.05,0.05,0.05,0.05,0.05,0.5,0.05,0.005,0.05,0.005,0.005,0.005
84,skin,0.005,0.005,0.05,0.005,0.005,0.8,0.05,0.005,0.005,0.005,0.05,0.5,0.005,0.005,0.0005,0.005,0.005,0.05,0.005,0.05,0.5,0.005,0.005,0.005,0.05,0.0005,0.005,0.005,0.005,0.005,0.005,0.05,0.005,0.005,0.0005,0.0005,0.0005,0.05,0.0,0.0,0.0005,0.0005,0.0005,0.0005,0.5,0.0005,0.0005,0.0005,0.0005,0.0005,0.05,0.005,0.005,0.005,0.005,0.005,0.005,0.005,0.005,0.005
85,skin_les,0.005,0.005,0.1,0.005,0.005,0.005,0.005,0.01,0.005,0.005,0.005,0.005,0.005,0.005,0.0005,0.005,0.005,0.05,0.005,0.5,0.1,0.005,0.005,0.005,0.005,0.0005,0.005,0.005,0.005,0.005,0.005,0.005,0.005,0.005,0.0005,0.005,0.005,0.005,0.0005,0.0005,0.1,0.1,0.005,0.0005,0.5,0.005,0.0005,0.01,0.0005,0.0005,0.1,0.0005,0.0005,0.0005,0.0005,0.0005,0.0005,0.0005,0.0005,0.0005
86,sk_feet,0.0005,0.0005,0.0005,0.0005,0.0005,0.0005,0.0005,0.0005,0.0005,0.0005,0.0005,0.005,0.0005,0.0005,0.0005,0.0005,0.0005,0.0005,0.005,0.02,0.8,0.0005,0.005,0.0005,0.0005,0.0005,0.0005,0.0005,0.0005,0.0005,0.0005,0.0005,0.0005,0.0005,0.0005,0.0005,0.0005,0.0005,0.0005,0.0005,0.0005,0.0005,0.0005,0.0005,0.0005,0.0005,0.0005,0.0005,0.0005,0.0005,0.0005,0.005,0.005,0.005,0.005,0.005,0.005,0.005,0.005,0.005
87,rash,0.005,0.005,0.05,0.0005,0.0005,0.0005,0.5,0.0005,0.0005,0.0005,0.5,0.01,0.0005,0.0005,0.0005,0.0005,0.0005,0.005,0.005,0.05,0.005,0.0005,0.005,0.005,0.005,0.0005,0.005,0.0005,0.005,0.005,0.0005,0.005,0.0005,0.0005,0.0005,0.005,0.005,0.002,0.0005,0.0005,0.0005,0.0005,0.0005,0.0005,0.0005,0.0005,0.0005,0.1,0.0005,0.0005,0.005,0.0005,0.0005,0.0005,0.0005,0.0005,0.005,0.0005,0.0005,0.0005
88,ac_rash,0.05,0.01,0.0005,0.0005,0.0005,0.0005,0.5,0.0005,0.0005,0.0005,0.5,0.02,0.0005,0.0005,0.0005,0.0005,0.0005,0.0005,0.005,0.02,0.005,0.0005,0.005,0.005,0.005,0.0005,0.005,0.0005,0.0005,0.0005,0.0005,0.0005,0.0005,0.0005,0.0005,0.005,0.005,0.005,0.0005,0.0005,0.0005,0.0005,0.0005,0.0005,0.0005,0.005,0.0005,0.005,0.0005,0.0005,0.0005,0.0005,0.0005,0.0005,0.0005,0.0005,0.005,0.0005,0.0005,0.0005
89,ch_rash,0.0005,0.002,0.1,0.0005,0.0005,0.0005,0.005,0.0005,0.0005,0.0005,0.005,0.0005,0.0005,0.0005,0.0005,0.0005,0.0005,0.005,0.005,0.1,0.005,0.0005,0.05,0.005,0.01,0.0005,0.005,0.0005,0.005,0.005,0.0005,0.005,0.0005,0.0005,0.0005,0.0005,0.0005,0.0005,0.0005,0.0005,0.0005,0.0005,0.0005,0.0005,0.0005,0.0005,0.0005,0.0005,0.0005,0.0005,0.0005,0.0005,0.0005,0.0005,0.0005,0.0005,0.005,0.0005,0.0005,0.0005
90,measrash,0.00001,0.0005,0.00001,0.00001,0.00001,1,0.00001,0.00001,0.00001,0.00001,0.00001,0.00001,0.00001,0.00001,0.00001,0.00001,0.00001,0.00001,0.0005,0.01,0.0005,0.00001,0.002,0.0005,0.00001,0.00001,0.00001,0.00001,0.00001,0.00001,0.00001,0.00001,0.00001,0.00001,0.00001,0.00001,0.00001,0.00001,0.0,0.0,0.0005,0.0005,0.0005,0.0005,0.0005,0.0005,0.0005,0.0005,0.0005,0.0005,0.0005,0.0005,0.0005,0.0005,0.0005,0.0005,0.0005,0.0005,0.0005,0.0005
91,herpes,0.0005,0.0005,0.5,0.0005,0.0005,0.0005,0.0005,0.0005,0.0005,0.0005,0.0005,0.0005,0.0005,0.0005,0.0005,0.0005,0.0005,0.0005,0.002,0.0001,0.002,0.002,0.002,0.002,0.002,0.0005,0.002,0.002,0.002,0.002,0.002,0.002,0.0005,0.0,0.0,0.0,0.0,0.0,0.0,0.0,0.0005,0.0005,0.0005,0.0005,0.0005,0.0005,0.0005,0.0005,0.0005,0.0005,0.0005,0.0005,0.0005,0.0005,0.0005,0.0005,0.0005,0.0005,0.0005,0.0005
92,stiff_neck,0.0005,0.0005,0.0005,0.0005,0.0005,0.0005,1,0.05,0.0005,0.0005,0.0005,0.0005,0.05,0.0005,0.0005,0.0005,0.0005,0.0005,0.002,0.002,0.002,0.002,0.002,0.002,0.002,0.0005,0.0005,0.0005,0.0005,0.0005,0.0005,0.0005,0.0005,0.0,0.0,0.0,0.0,0.0,0.0,0.0,0.005,0.002,0.002,0.0005,0.0005,0.0005,0.0005,0.0005,0.002,0.002,0.002,0.0005,0.0005,0.0005,0.0005,0.0005,0.0005,0.0005,0.0005,0.0005
93,ac_stnk,0.0005,0.0005,0.0005,0.0005,0.0005,0.0005,1,0.5,0.0005,0.0005,0.0005,0.005,0.0005,0.0005,0.0005,0.0005,0.0005,0.0005,0.002,0.002,0.002,0.002,0.002,0.05,0.002,0.0005,0.0005,0.0005,0.0005,0.0005,0.0005,0.0005,0.0005,0.0,0.0,0.0,0.0,0.0,0.0,0.0,0.01,0.005,0.002,0.0005,0.0005,0.0005,0.0005,0.0005,0.002,0.002,0.002,0.0005,0.0005,0.0005,0.0005,0.0005,0.0005,0.0005,0.0005,0.0005
94,ch_stnk,0.0005,0.0005,0.0005,0.0005,0.0005,0.0005,0.005,0.005,0.0005,0.0005,0.0005,0.005,0.05,0.0005,0.0005,0.0005,0.0005,0.0005,0.002,0.002,0.002,0.002,0.005,0.005,0.002,0.0005,0.0005,0.0005,0.0005,0.0005,0.0005,0.0005,0.0005,0.0,0.0,0.0,0.0,0.0,0.0,0.0,0.0005,0.0005,0.0005,0.0005,0.0005,0.0005,0.0005,0.0005,0.0005,0.0005,0.0005,0.0005,0.0005,0.0005,0.0005,0.0005,0.0005,0.0005,0.0005,0.0005
95,coma,0.02,0.02,0.05,0.02,0.2,0.05,0.2,0.2,0.02,0.02,0.2,0.05,0.02,0.02,0.02,0.02,0.02,0.02,0.05,0.05,0.8,0.05,0.05,0.2,0.05,0.005,0.05,0.05,0.2,0.2,0.2,0.05,0.05,0.0005,0.0005,0.0005,0.0005,0.0005,0.0,0.0,0.1,0.05,0.05,0.05,0.05,0.05,0.05,0.2,0.05,0.1,0.1,0.02,0.02,0.02,0.01,0.01,0.1,0.01,0.02,0.05
96,co_ons,0.0005,0.0005,0.0005,0.0005,0.0005,0.0005,0.05,0.0005,0.0005,0.0005,0.0005,0.0005,0.0005,0.0005,0.0005,0.0005,0.0005,0.0005,0.0005,0.0005,0.05,0.5,0.0005,0.5,0.0005,0.0005,0.005,0.0005,0.0005,0.0005,0.5,0.0005,0.0005,0.0005,0.005,0.0005,0.0005,0.0005,0.0,0.0,0.05,0.05,0.05,0.005,0.005,0.0005,0.0005,0.0005,0.0005,0.0005,0.0005,0.0005,0.0005,0.5,0.005,0.0005,0.0005,0.0005,0.0005,0.0005
97,convul,0.05,0.01,0.02,0.005,0.1,0.005,0.2,0.01,0.005,0.005,0.1,0.02,0.005,0.005,0.005,0.005,0.005,0.005,0.005,0.02,0.02,0.005,0.01,0.02,0.005,0.0005,0.01,0.005,0.005,0.005,1,0.005,0.005,0.5,0.05,0.005,0.005,0.005,0.0,0.0,0.01,0.01,0.01,0.02,0.01,0.01,0.01,0.02,0.01,0.005,0.02,0.0005,0.0005,0.5,0.0005,0.0005,0.0005,0.0005,0.0005,0.005
98,ac_conv,0.05,0.01,0.02,0.005,0.1,0.005,0.05,0.01,0.005,0.005,0.1,0.05,0.005,0.005,0.005,0.005,0.005,0.005,0.005,0.05,0.05,0.05,0.02,0.05,0.005,0.0005,0.05,0.005,0.005,0.005,0.5,0.005,0.005,0.5,0.05,0.005,0.005,0.005,0.0,0.0,0.01,0.01,0.01,0.01,0.01,0.01,0.01,0.02,0.01,0.005,0.005,0.0005,0.0005,0.05,0.0005,0.0005,0.0005,0.0005,0.0005,0.0005
99,ch_conv,0.05,0.01,0.02,0.005,0.1,0.005,0.5,0.05,0.005,0.005,0.005,0.005,0.005,0.005,0.005,0.005,0.005,0.005,0.005,0.02,0.005,0.0005,0.005,0.005,0.005,0.0005,0.005,0.005,0.005,0.005,0.8,0.005,0.005,0.05,0.005,0.005,0.005,0.005,0.0,0.0,0.01,0.01,0.01,0.01,0.01,0.01,0.01,0.005,0.005,0.005,0.005,0.0005,0.0005,0.8,0.0005,0.0005,0.0005,0.0005,0.0005,0.0005
100,unc_con,0.05,0.005,0.005,0.005,0.005,0.005,0.05,0.005,0.005,0.005,0.005,0.005,0.005,0.005,0.005,0.005,0.005,0.005,0.005,0.005,0.05,0.05,0.005,0.05,0.005,0.0005,0.005,0.005,0.005,0.005,0.5,0.005,0.005,0.05,0.005,0.005,0.005,0.005,0.0,0.0,0.01,0.01,0.01,0.01,0.01,0.01,0.01,0.005,0.005,0.005,0.005,0.0005,0.0005,0.5,0.0005,0.0005,0.0005,0.0005,0.0005,0.0005
101,urine,0.05,0.005,0.005,0.005,0.005,0.005,0.005,0.005,0.005,0.005,0.05,0.5,0.005,0.005,0.005,0.005,0.05,0.05,0.005,0.005,0.005,0.005,0.005,0.005,0.005,0.0005,0.005,0.005,0.005,0.8,0.005,0.05,0.005,0.0005,0.0005,0.0005,0.0005,0.05,0.0,0.0,0.0005,0.0005,0.0005,0.0005,0.0005,0.0005,0.0005,0.0005,0.0005,0.0005,0.005,0.005,0.005,0.005,0.005,0.005,0.005,0.005,0.005,0.005
102,uri_ret,0.002,0.002,0.002,0.002,0.002,0.002,0.002,0.002,0.002,0.002,0.002,0.05,0.002,0.005,0.005,0.002,0.1,0.005,0.002,0.05,0.002,0.002,0.002,0.002,0.002,0.0005,0.002,0.002,0.002,0.1,0.002,0.002,0.002,0.0005,0.0005,0.0005,0.0005,0.005,0.0,0.0,0.0005,0.0005,0.0005,0.0005,0.0005,0.0005,0.0005,0.0005,0.0005,0.0005,0.0005,0.0005,0.0005,0.0005,0.0005,0.0005,0.0005,0.0005,0.0005,0.0005
103,exc_urine,0.005,0.005,0.005,0.005,0.005,0.005,0.005,0.005,0.005,0.005,0.005,0.05,0.005,0.002,0.002,0.005,0.002,0.002,0.005,0.005,0.8,0.005,0.005,0.005,0.005,0.0005,0.005,0.005,0.005,0.0005,0.005,0.005,0.002,0.0005,0.0005,0.0005,0.0005,0.0005,0.0,0.0,0.0005,0.0005,0.0005,0.0005,0.0005,0.0005,0.0005,0.0005,0.0005,0.0005,0.0005,0.0005,0.0005,0.0005,0.0005,0.0005,0.0005,0.0005,0.0005,0.0005
104,uri_haem,0.002,0.002,0.005,0.002,0.002,0.002,0.002,0.002,0.002,0.002,0.5,0.005,0.002,0.005,0.005,0.002,0.1,0.01,0.002,0.002,0.002,0.002,0.002,0.002,0.002,0.0005,0.002,0.002,0.002,0.1,0.002,0.002,0.002,0.0005,0.0005,0.0005,0.0005,0.005,0.0,0.0,0.0005,0.0005,0.0005,0.0005,0.0005,0.0005,0.0005,0.0005,0.0005,0.0005,0.0005,0.005,0.005,0.0005,0.005,0.0005,0.005,0.0005,0.005,0.0005
105,wt_loss,0.02,0.02,0.2,0.8,0.05,0.05,0.05,0.2,0.5,0.0001,0.2,0.2,0.5,0.5,0.5,0.5,0.5,0.5,0.05,1,0.2,0.02,0.5,0.05,0.0005,0.0005,0.0005,0.005,0.05,0.05,0.005,0.05,0.1,0.1,0.0005,0.005,0.005,0.0005,0.0,0.0,0.2,0.2,0.2,0.2,0.2,0.2,0.2,0.2,0.2,0.2,0.2,0.005,0.005,0.005,0.005,0.005,0.005,0.005,0.005,0.005
106,wasting,0.0005,0.0005,0.5,0.2,0.005,0.05,0.00001,0.0005,0.5,0.00001,0.00001,0.00001,0.5,0.5,0.5,0.5,0.5,0.5,0.0005,1,0.00001,0.0005,0.0005,0.005,0.0005,0.0005,0.00001,0.00001,0.0005,0.0005,0.0005,0.005,0.0,0.0,0.0,0.00001,0.00001,0.0,0.0,0.0,0.00001,0.00001,0.00001,0.00001,0.00001,0.00001,0.00001,0.00001,0.00001,0.00001,0.0005,0.00001,0.00001,0.00001,0.00001,0.00001,0.00001,0.00001,0.00001,0.0005
107,or_cand,0.0005,0.0005,0.2,0.005,0.0005,0.005,0.0005,0.0005,0.0005,0.0005,0.005,0.005,0.01,0.005,0.005,0.005,0.005,0.01,0.01,0.0005,0.01,0.0005,0.0005,0.0005,0.0005,0.0005,0.0005,0.0005,0.0005,0.0005,0.01,0.01,0.01,0.0005,0.0005,0.0005,0.0005,0.0005,0.0,0.0,0.0005,0.0005,0.0005,0.0005,0.0005,0.0005,0.0005,0.0005,0.0005,0.0005,0.0005,0.0005,0.0005,0.0005,0.0005,0.0005,0.0005,0.0005,0.0005,0.0005
108,rigidity,0.0005,0.0005,0.0005,0.0005,0.0005,0.0005,0.01,1,0.0005,0.0005,0.002,0.002,0.0005,0.0005,0.0005,0.0005,0.0005,0.0005,0.0005,0.0005,0.0005,0.0005,0.0005,0.01,0.0005,0.0005,0.0005,0.0005,0.0005,0.0005,0.01,0.0005,0.002,0.0005,0.0005,0.0005,0.0005,0.0005,0.0,0.0,0.001,0.001,0.0005,0.0005,0.0005,0.002,0.001,0.002,0.002,0.002,0.005,0.0005,0.0005,0.005,0.0005,0.0005,0.0005,0.0005,0.0005,0.0005
109,swell,0.0005,0.0005,0.005,0.0005,0.0005,0.0005,0.0005,0.0005,0.005,0.0005,0.0005,0.005,0.5,0.05,0.005,0.5,0.5,0.5,0.005,0.005,0.0005,0.0005,0.0005,0.0005,0.0005,0.0005,0.0005,0.005,0.05,0.005,0.0005,0.005,0.005,0.0,0.0,0.0005,0.0005,0.005,0.0,0.0,0.005,0.005,0.005,0.0005,0.0005,0.005,0.0005,0.0005,0.0005,0.005,0.05,0.005,0.005,0.005,0.005,0.005,0.005,0.005,0.005,0.005
110,swe_oral,0.0005,0.0005,0.005,0.0005,0.0005,0.001,0.0005,0.001,0.0005,0.0001,0.005,0.0005,1,0.0005,0.0005,0.0005,0.0005,0.0005,0.0005,0.0005,0.0005,0.0005,0.0005,0.0005,0.0005,0.0005,0.0005,0.0005,0.0005,0.0005,0.0005,0.0005,0.005,0.0005,0.0005,0.0005,0.0005,0.0005,0.0,0.0,0.0005,0.0005,0.0005,0.0005,0.0005,0.0005,0.0005,0.0005,0.0005,0.0005,0.0005,0.005,0.005,0.005,0.005,0.005,0.005,0.005,0.005,0.005
111,swe_neck,0.01,0.01,0.2,0.0005,0.0005,0.01,0.01,0.01,0.05,0.0001,0.001,0.5,0.5,0.5,0.0005,0.0005,0.0005,0.005,0.0005,0.01,0.0005,0.0005,0.0005,0.0005,0.0005,0.0005,0.0005,0.0005,0.0005,0.0005,0.0005,0.0005,0.01,0.0005,0.0005,0.001,0.001,0.0,0.0,0.0,0.0005,0.0005,0.0005,0.0005,0.0005,0.0005,0.0005,0.0005,0.0005,0.0005,0.0005,0.005,0.05,0.005,0.005,0.005,0.05,0.005,0.005,0.005
112,swe_armp,0.0005,0.0005,0.005,0.001,0.0005,0.001,0.0005,0.001,0.005,0.001,0.001,0.001,0.005,0.0001,0.005,0.8,0.005,0.05,0.0005,0.001,0.0005,0.0005,0.0005,0.0005,0.0005,0.0005,0.0005,0.0005,0.0005,0.0005,0.0005,0.001,0.0005,0.0,0.0,0.0005,0.0005,0.0,0.0,0.0,0.0005,0.0005,0.0005,0.0005,0.0005,0.0005,0.0005,0.0005,0.0005,0.0005,0.0005,0.001,0.001,0.001,0.001,0.001,0.001,0.001,0.001,0.001
113,swe_breast,0.0001,0.0001,0.0005,0.0001,0.0001,0.0001,0.0001,0.0001,0.0001,0.0001,0.0001,0.0001,0.00001,0.00001,0.00001,1,0.00001,0.00001,0.0001,0.0001,0.0001,0.0001,0.0001,0.0001,0.0001,0.0001,0.0001,0.0001,0.0005,0.0001,0.0001,0.0001,0.0001,0.0,0.0,0.0,0.0,0.0,0.0,0.0,0.0005,0.0005,0.0005,0.0005,0.0005,0.0005,0.0005,0.0005,0.0005,0.0005,0.0005,0.005,0.005,0.005,0.005,0.005,0.005,0.005,0.005,0.01
114,swe_gen,0.0005,0.0005,0.005,0.0005,0.0005,0.0005,0.0005,0.002,0.001,0.0,0.005,0.01,0.0005,0.0001,0.00001,0.0005,1,0.0005,0.0005,0.0005,0.0005,0.0005,0.0005,0.0005,0.0005,0.0005,0.0005,0.0005,0.0005,0.0005,0.0005,0.0005,0.0005,0.0,0.0,0.0,0.0,0.0,0.0,0.0,0.0005,0.0005,0.0005,0.0005,0.0005,0.0005,0.0005,0.0005,0.0005,0.0005,0.0005,0.005,0.005,0.005,0.005,0.005,0.005,0.005,0.005,0.005
115,swe_oth,0.002,0.002,0.002,0.002,0.002,0.002,0.002,0.002,0.002,0.002,0.002,0.002,0.002,0.0005,0.0005,0.002,0.0005,0.0005,0.002,0.002,0.002,0.0005,0.002,0.0005,0.002,0.0005,0.0005,0.0005,0.2,0.5,0.0005,0.0005,0.0005,0.0005,0.0005,0.0005,0.0005,0.0005,0.0,0.0,0.0005,0.0005,0.0005,0.0005,0.0005,0.0005,0.0005,0.0005,0.0005,0.0005,0.0005,0.005,0.005,0.005,0.005,0.005,0.005,0.005,0.005,0.005
116,swe_legs,0.005,0.005,0.05,0.005,0.005,0.005,0.005,0.005,0.005,0.002,0.02,0.02,0.005,0.005,0.0005,0.005,0.005,0.02,0.02,0.1,0.02,0.02,0.02,0.02,0.5,0.005,0.02,0.02,0.1,0.1,0.02,0.02,0.0005,0.0005,0.0005,0.0005,0.0005,0.0005,0.0,0.0,0.0005,0.0005,0.0005,0.0005,0.0005,0.0005,0.0005,0.0005,0.0005,0.0005,0.0005,0.005,0.005,0.5,0.005,0.05,0.005,0.005,0.005,0.005
117,anaemia,0.05,0.05,0.02,0.05,0.1,0.05,0.02,0.05,0.05,0.02,0.05,0.05,0.02,0.02,0.02,0.02,0.02,0.1,1,0.5,0.005,0.005,0.2,0.005,0.1,0.005,0.005,0.005,0.005,0.005,0.005,0.05,0.0005,0.0005,0.0005,0.0005,0.0005,0.0005,0.0,0.0,0.01,0.01,0.005,0.005,0.005,0.005,0.005,0.005,0.005,0.005,0.05,0.05,0.5,0.005,0.1,0.005,0.005,1,0.05,0.005
118,exc_drink,0.005,0.005,0.005,0.01,0.005,0.005,0.005,0.005,0.005,0.0005,0.005,0.005,0.005,0.002,0.002,0.005,0.002,0.002,0.0005,0.0005,0.8,0.0005,0.0005,0.0005,0.0005,0.0005,0.0005,0.0005,0.0005,0.0005,0.0005,0.0005,0.0005,0.0005,0.0005,0.0005,0.0005,0.0,0.0,0.0,0.0005,0.0005,0.0005,0.0005,0.0005,0.0005,0.0005,0.0005,0.0005,0.0005,0.0005,0.0005,0.0005,0.0005,0.0005,0.0005,0.0005,0.0005,0.0005,0.0005
119,hair,0.005,0.005,0.05,0.01,0.005,0.01,0.005,0.005,0.005,0.0005,0.005,0.005,0.005,0.005,0.005,0.005,0.005,0.005,0.005,0.8,0.005,0.005,0.005,0.005,0.005,0.0005,0.005,0.005,0.005,0.005,0.005,0.005,0.0005,0.0005,0.0005,0.0005,0.0005,0.0005,0.0,0.0,0.0005,0.0005,0.0005,0.0005,0.005,0.0005,0.0005,0.0005,0.0005,0.0005,0.0005,0.0005,0.0005,0.0005,0.0005,0.0005,0.0005,0.0005,0.0005,0.0005
120,paral_one,0.0005,0.0005,0.0005,0.0005,0.005,0.005,0.01,0.01,0.0005,0.0001,0.0005,0.005,0.002,0.002,0.002,0.002,0.002,0.005,0.01,0.01,0.01,0.0005,0.01,1,0.0001,0.0005,0.0005,0.0005,0.0005,0.0005,0.01,0.01,0.01,0.0005,0.0005,0.0005,0.0005,0.0005,0.0,0.0,0.01,0.01,0.01,0.0005,0.0005,0.01,0.0005,0.0005,0.0005,0.0005,0.0005,0.0005,0.0005,0.05,0.0005,0.0005,0.0005,0.0005,0.0005,0.0005
121,eye_sunk,0.05,0.05,0.1,0.2,0.02,0.05,0.02,0.002,0.1,0.005,0.0005,0.05,0.0005,0.0005,0.0005,0.0005,0.0005,0.0005,0.0005,0.8,0.0005,0.0005,0.0005,0.0005,0.0005,0.0005,0.0005,0.0005,0.0005,0.0005,0.0005,0.005,0.0005,0.002,0.002,0.05,0.05,0.002,0.0,0.0,0.0005,0.0005,0.0005,0.0005,0.0005,0.0005,0.0005,0.0005,0.0005,0.0005,0.0005,0.0005,0.0005,0.0005,0.0005,0.0005,0.0005,0.0005,0.0005,0.0005
122,bl_orif,0.0005,0.0005,0.005,0.005,0.0005,0.0005,0.0005,0.0005,0.0005,0.0005,0.5,0.0005,0.05,0.05,0.0005,0.0005,0.0005,0.005,0.005,0.005,0.0005,0.0005,0.005,0.005,0.0005,0.0005,0.0005,0.0005,0.0005,0.0005,0.0005,0.0005,0.0005,0.0005,0.0005,0.0005,0.0005,0.0005,0.0,0.0,0.005,0.005,0.005,0.0005,0.0005,0.005,0.005,0.0005,0.005,0.005,0.005,0.0005,0.0005,0.005,0.0005,0.0005,0.0005,0.0005,0.0005,0.0005
123,vb_bet,0.0005,0.0005,0.0005,0.0005,0.0005,0.0005,0.0005,0.0005,0.0005,0.0005,0.0005,0.0005,0.0005,0.0005,0.0005,0.0005,0.5,0.0005,0.005,0.0005,0.0005,0.0005,0.0005,0.0005,0.0005,0.0005,0.0005,0.0005,0.0005,0.0005,0.0005,0.0005,0.0005,0.0,0.0,0.0,0.0,0.0,0.0,0.0,0.0005,0.0005,0.0005,0.0005,0.0005,0.0005,0.0005,0.0005,0.0005,0.0005,0.0005,0.005,0.05,0.0005,0.0005,0.0005,0.005,0.0005,0.0005,0.0005
124,vb_men,0.005,0.005,0.005,0.005,0.005,0.005,0.005,0.005,0.005,0.005,0.005,0.005,0.005,0.0005,0.0005,0.005,0.005,0.005,0.005,0.005,0.005,0.005,0.005,0.005,0.005,0.005,0.005,0.005,0.005,0.005,0.005,0.005,0.005,0.0,0.0,0.0,0.0,0.0,0.0,0.0,0.005,0.005,0.005,0.005,0.005,0.005,0.005,0.005,0.005,0.005,0.005,0.0,0.0,0.0,0.0,0.0,0.0,0.0,0.0,0.0
125,vb_after,0.005,0.005,0.005,0.005,0.005,0.005,0.005,0.005,0.005,0.005,0.01,0.005,0.005,0.0005,0.0005,0.005,0.8,0.005,0.05,0.005,0.005,0.005,0.005,0.005,0.005,0.005,0.005,0.005,0.005,0.005,0.005,0.005,0.005,0.0,0.0,0.0,0.0,0.0,0.0,0.0,0.005,0.005,0.005,0.005,0.005,0.005,0.005,0.005,0.005,0.005,0.005,0.0,0.0,0.0,0.0,0.0,0.0,0.0,0.0,0.0
126,diff_sw,0.005,0.005,0.005,0.005,0.005,0.005,0.005,0.005,0.005,0.005,0.005,0.005,0.05,0.5,0.005,0.005,0.005,0.05,0.005,0.005,0.005,0.005,0.005,0.5,0.005,0.005,0.005,0.005,0.005,0.005,0.005,0.005,0.005,0.0,0.0,0.0,0.0,0.0,0.0,0.0,0.005,0.005,0.005,0.005,0.005,0.005,0.005,0.005,0.005,0.005,0.005,0.005,0.005,0.005,0.005,0.005,0.005,0.005,0.005,0.005
127,not_preg,0.8,0.8,0.8,0.8,0.8,0.8,0.8,0.8,0.8,0.8,0.8,0.8,0.8,0.8,0.8,0.8,0.8,0.8,0.05,0.05,0.05,0.05,0.05,0.05,0.05,0.05,0.05,0.2,0.05,0.05,0.05,0.05,0.0,0.0,0.0,0.0,0.0,0.0,0.0,0.0,0.8,0.8,0.8,0.8,0.8,0.8,0.8,0.8,0.8,0.8,0.0005,0.00001,0.00001,0.0,0.0,0.0,0.0,0.0,0.0,0.0
128,pregnant,0.0,0.002,0.005,0.002,0.02,0.002,0.002,0.002,0.002,0.0005,0.002,0.005,0.005,0.005,0.005,0.005,0.005,0.005,0.0,0.005,0.05,0.01,0.02,0.005,0.005,0.002,0.002,0.0005,0.005,0.005,0.005,0.005,0.0,0.0,0.0,0.0,0.0,0.0,0.0,0.0,0.002,0.002,0.002,0.002,0.002,0.002,0.002,0.002,0.002,0.005,0.0005,0.2,0.005,0.2,0.2,0.2,0.005,0.2,0.2,0.2
129,del_6wks,0.0,0.002,0.002,0.002,0.02,0.002,0.002,0.002,0.002,0.0001,0.002,0.005,0.005,0.005,0.005,0.005,0.005,0.005,0.0,0.002,0.05,0.01,0.02,0.002,0.005,0.002,0.002,0.0005,0.005,0.002,0.002,0.005,0.0,0.0,0.0,0.0,0.0,0.0,0.0,0.0,0.002,0.002,0.002,0.002,0.002,0.002,0.002,0.002,0.002,0.002,0.0005,0.0,0.0,0.0005,0.2,0.05,0.05,0.5,0.005,0.2
130,pend_6w,0.0,0.0005,0.0005,0.0005,0.0005,0.0005,0.0005,0.005,0.0005,0.0001,0.002,0.005,0.005,0.005,0.005,0.005,0.005,0.005,0.0,0.0005,0.0005,0.0005,0.0005,0.0005,0.005,0.0005,0.0005,0.0005,0.0005,0.0005,0.0005,0.005,0.0,0.0,0.0,0.0,0.0,0.0,0.0,0.0,0.0005,0.0005,0.0005,0.0005,0.0005,0.0005,0.0005,0.0005,0.0005,0.0005,0.0005,0.5,0.5,0.0005,0.005,0.0,0.05,0.005,0.0,0.2
131,first_p,0.0,0.005,0.005,0.005,0.005,0.005,0.005,0.005,0.005,0.005,0.005,0.0005,0.0005,0.0005,0.0005,0.005,0.0005,0.0005,0.005,0.005,0.005,0.005,0.005,0.005,0.01,0.005,0.005,0.005,0.005,0.005,0.005,0.005,0.0,0.0,0.0,0.0,0.0,0.0,0.0,0.0,0.005,0.005,0.005,0.005,0.005,0.005,0.005,0.005,0.005,0.005,0.0005,0.1,0.2,0.1,0.05,0.5,0.1,0.05,0.005,0.05
132,more4,0.0,0.005,0.005,0.005,0.005,0.005,0.005,0.005,0.005,0.005,0.005,0.0005,0.005,0.005,0.005,0.005,0.005,0.0005,0.005,0.005,0.005,0.005,0.005,0.005,0.005,0.005,0.005,0.005,0.005,0.005,0.005,0.005,0.0,0.0,0.0,0.0,0.0,0.0,0.0,0.0,0.005,0.005,0.005,0.005,0.005,0.005,0.005,0.005,0.005,0.005,0.0005,0.1,0.1,0.2,0.1,0.1,0.1,0.1,0.5,0.02
133,cs_prev,0.0,0.005,0.005,0.005,0.005,0.005,0.005,0.005,0.005,0.005,0.005,0.0005,0.0005,0.0005,0.0005,0.005,0.0005,0.0005,0.005,0.005,0.005,0.005,0.005,0.005,0.005,0.005,0.005,0.005,0.005,0.005,0.005,0.005,0.0,0.0,0.0,0.0,0.0,0.0,0.0,0.0,0.005,0.005,0.005,0.005,0.005,0.005,0.005,0.005,0.005,0.005,0.0005,0.05,0.02,0.05,0.05,0.1,0.005,0.02,0.5,0.02
134,multip,0.0,0.005,0.005,0.005,0.005,0.005,0.005,0.005,0.005,0.005,0.005,0.0005,0.0005,0.0005,0.0005,0.005,0.0005,0.0005,0.0005,0.005,0.005,0.005,0.005,0.005,0.005,0.005,0.005,0.005,0.005,0.005,0.005,0.005,0.0,0.0,0.0,0.0,0.0,0.0,0.0,0.0,0.005,0.005,0.005,0.005,0.005,0.005,0.005,0.005,0.005,0.005,0.0005,0.02,0.02,0.05,0.05,0.2,0.05,0.05,0.2,0.02
135,lab_24,0.0,0.005,0.005,0.005,0.005,0.005,0.005,0.005,0.005,0.005,0.005,0.0005,0.0005,0.0005,0.0005,0.0005,0.0005,0.0005,0.0005,0.005,0.005,0.005,0.005,0.005,0.005,0.005,0.005,0.005,0.005,0.005,0.005,0.005,0.0,0.0,0.0,0.0,0.0,0.0,0.0,0.0,0.005,0.005,0.005,0.005,0.005,0.005,0.005,0.005,0.005,0.005,0.0005,0.0,0.0005,0.02,0.05,0.8,0.2,0.02,0.5,0.0005
136,died_lab,0.0,0.002,0.0005,0.0005,0.005,0.0005,0.0005,0.0005,0.005,0.0,0.0005,0.0005,0.0005,0.0005,0.0005,0.0005,0.0005,0.0005,0.0,0.0005,0.0005,0.05,0.05,0.005,0.005,0.005,0.005,0.0005,0.0005,0.0005,0.005,0.005,0.0,0.0,0.0,0.0,0.0,0.0,0.0,0.0,0.0005,0.0005,0.0005,0.0005,0.0005,0.0005,0.0005,0.0005,0.0005,0.0005,0.0005,0.0,0.0,0.2,0.1,0.5,0.0,0.5,0.8,0.005
137,death_24,0.0,0.005,0.005,0.005,0.005,0.005,0.005,0.005,0.005,0.0001,0.0005,0.0005,0.0005,0.0005,0.0005,0.0005,0.0005,0.0005,0.0,0.0005,0.0005,0.005,0.005,0.005,0.005,0.005,0.005,0.0005,0.0005,0.0005,0.0005,0.005,0.0,0.0,0.0,0.0,0.0,0.0,0.0,0.0,0.0005,0.0005,0.0005,0.0005,0.0005,0.0005,0.0005,0.0005,0.0005,0.0005,0.0005,0.2,0.2,0.05,0.8,0.5,0.0005,0.2,0.8,0.05
138,baby_al,0.0,0.0005,0.0005,0.0005,0.0005,0.0005,0.0005,0.0005,0.0005,0.0005,0.0005,0.005,0.005,0.005,0.005,0.005,0.005,0.0005,0.005,0.005,0.005,0.005,0.005,0.005,0.0005,0.005,0.005,0.0005,0.005,0.005,0.005,0.005,0.0,0.0,0.0,0.0,0.0,0.0,0.0,0.0,0.0005,0.0005,0.0005,0.0005,0.0005,0.0005,0.0005,0.0005,0.0005,0.0005,0.0005,0.0,0.0,0.005,0.05,0.0005,0.005,0.5,0.0005,0.05
139,breast_fd,0.0,0.005,0.005,0.005,0.005,0.005,0.005,0.005,0.005,0.005,0.005,0.0005,0.0005,0.0005,0.0005,0.005,0.0005,0.0005,0.005,0.005,0.005,0.005,0.005,0.005,0.005,0.005,0.005,0.005,0.005,0.005,0.005,0.005,0.0,0.0,0.0,0.0,0.0,0.0,0.0,0.0,0.005,0.005,0.005,0.005,0.005,0.005,0.005,0.005,0.005,0.005,0.0005,0.0005,0.0005,0.0005,0.005,0.0005,0.05,0.05,0.0005,0.05
140,del_fac,0.0,0.005,0.005,0.005,0.005,0.005,0.005,0.005,0.005,0.005,0.005,0.0005,0.0005,0.0005,0.0005,0.0005,0.0005,0.0005,0.0005,0.005,0.005,0.005,0.005,0.005,0.005,0.005,0.005,0.005,0.005,0.005,0.005,0.005,0.0,0.0,0.0,0.0,0.0,0.0,0.0,0.0,0.005,0.005,0.005,0.005,0.005,0.005,0.005,0.005,0.005,0.005,0.0005,0.0,0.0,0.1,0.2,0.1,0.05,0.1,0.005,0.2
141,del_home,0.0,0.005,0.005,0.005,0.005,0.005,0.005,0.005,0.005,0.005,0.005,0.0005,0.0005,0.0005,0.0005,0.0005,0.0005,0.0005,0.0005,0.005,0.005,0.005,0.005,0.005,0.005,0.005,0.005,0.005,0.005,0.005,0.005,0.005,0.0,0.0,0.0,0.0,0.0,0.0,0.0,0.0,0.005,0.005,0.005,0.005,0.005,0.005,0.005,0.005,0.005,0.005,0.0005,0.0,0.0,0.2,0.5,0.5,0.5,0.1,0.005,0.2
142,del_else,0.0,0.005,0.005,0.005,0.005,0.005,0.005,0.005,0.005,0.005,0.005,0.0005,0.0005,0.0005,0.0005,0.0005,0.0005,0.0005,0.0005,0.005,0.005,0.005,0.005,0.005,0.005,0.005,0.005,0.005,0.005,0.005,0.005,0.005,0.0,0.0,0.0,0.0,0.0,0.0,0.0,0.0,0.005,0.005,0.005,0.005,0.005,0.005,0.005,0.005,0.005,0.005,0.0005,0.0,0.0,0.2,0.5,0.5,0.5,0.1,0.005,0.2
143,prof_ass,0.0,0.005,0.005,0.005,0.005,0.005,0.005,0.005,0.005,0.005,0.005,0.0005,0.0005,0.0005,0.0005,0.0005,0.0005,0.0005,0.0005,0.005,0.005,0.005,0.005,0.005,0.005,0.005,0.005,0.005,0.005,0.005,0.005,0.005,0.0,0.0,0.0,0.0,0.0,0.0,0.0,0.0,0.005,0.005,0.005,0.005,0.005,0.005,0.005,0.005,0.005,0.005,0.0005,0.0,0.0,0.1,0.2,0.2,0.05,0.1,0.005,0.005
144,del_norm,0.0,0.005,0.005,0.005,0.005,0.005,0.005,0.005,0.005,0.005,0.005,0.0005,0.0005,0.0005,0.0005,0.0005,0.0005,0.0005,0.0005,0.005,0.005,0.005,0.005,0.005,0.005,0.005,0.005,0.005,0.005,0.005,0.005,0.005,0.0,0.0,0.0,0.0,0.0,0.0,0.0,0.0,0.005,0.005,0.005,0.005,0.005,0.005,0.005,0.005,0.005,0.005,0.0005,0.0,0.0,0.0005,0.05,0.005,0.05,0.05,0.05,0.05
145,del_ass,0.0,0.005,0.005,0.005,0.005,0.005,0.005,0.005,0.005,0.005,0.005,0.0005,0.0005,0.0005,0.0005,0.0005,0.0005,0.0005,0.0005,0.005,0.005,0.005,0.005,0.005,0.005,0.005,0.005,0.005,0.005,0.005,0.005,0.005,0.0,0.0,0.0,0.0,0.0,0.0,0.0,0.0,0.005,0.005,0.005,0.005,0.005,0.005,0.005,0.005,0.005,0.005,0.0005,0.0,0.0,0.02,0.05,0.2,0.1,0.01,0.02,0.005
146,del_cs,0.0,0.005,0.005,0.005,0.005,0.005,0.005,0.005,0.005,0.005,0.005,0.0005,0.0005,0.0005,0.0005,0.0005,0.0005,0.0005,0.0005,0.005,0.005,0.005,0.005,0.005,0.005,0.005,0.005,0.005,0.005,0.005,0.005,0.005,0.0,0.0,0.0,0.0,0.0,0.0,0.0,0.0,0.005,0.005,0.005,0.005,0.005,0.005,0.005,0.005,0.005,0.005,0.0005,0.0,0.0,0.2,0.1,0.2,0.1,0.01,0.005,0.005
147,baby_pos,0.0,0.005,0.005,0.005,0.005,0.005,0.005,0.005,0.005,0.005,0.005,0.0005,0.0005,0.0005,0.0005,0.0005,0.0005,0.0005,0.0005,0.005,0.005,0.005,0.005,0.005,0.005,0.005,0.005,0.005,0.005,0.005,0.005,0.005,0.0,0.0,0.0,0.0,0.0,0.0,0.0,0.0,0.005,0.005,0.005,0.005,0.005,0.005,0.005,0.005,0.005,0.005,0.0005,0.0,0.0,0.01,0.05,0.2,0.05,0.01,0.05,0.005
148,mon_early,0.0,0.005,0.005,0.005,0.005,0.005,0.005,0.005,0.005,0.005,0.005,0.005,0.005,0.005,0.005,0.005,0.005,0.005,0.005,0.005,0.005,0.005,0.005,0.005,0.005,0.005,0.005,0.005,0.005,0.005,0.005,0.005,0.0,0.0,0.0,0.0,0.0,0.0,0.0,0.0,0.005,0.005,0.005,0.005,0.005,0.005,0.005,0.005,0.005,0.005,0.0005,0.0,0.0,0.05,0.005,0.0005,0.0005,0.0005,0.0005,0.0005
149,hyster,0.0,0.005,0.005,0.005,0.005,0.005,0.005,0.005,0.005,0.005,0.005,0.0005,0.0005,0.0005,0.0005,0.0005,0.05,0.0005,0.0005,0.005,0.005,0.005,0.005,0.005,0.005,0.005,0.005,0.005,0.005,0.005,0.005,0.005,0.0,0.0,0.0,0.0,0.0,0.0,0.0,0.0,0.005,0.005,0.005,0.005,0.005,0.005,0.005,0.005,0.005,0.005,0.0005,0.0,0.02,0.002,0.05,0.02,0.01,0.0005,0.5,0.0005
150,bpr_preg,0.0,0.005,0.005,0.005,0.005,0.005,0.005,0.005,0.005,0.005,0.005,0.0005,0.0005,0.0005,0.0005,0.005,0.0005,0.0005,0.0005,0.005,0.005,0.005,0.005,0.01,0.005,0.005,0.005,0.005,0.005,0.005,0.005,0.005,0.0,0.0,0.0,0.0,0.0,0.0,0.0,0.0,0.005,0.005,0.005,0.005,0.005,0.005,0.005,0.005,0.005,0.005,0.0005,0.02,0.02,1,0.02,0.02,0.02,0.02,0.0005,0.0005
151,fit_preg,0.0,0.005,0.005,0.005,0.005,0.005,0.005,0.005,0.005,0.005,0.005,0.0005,0.0005,0.0005,0.0005,0.005,0.0005,0.0005,0.0005,0.005,0.005,0.005,0.005,0.005,0.005,0.005,0.005,0.005,0.005,0.005,0.0,0.005,0.0,0.0,0.0,0.0,0.0,0.0,0.0,0.0,0.005,0.005,0.005,0.005,0.005,0.005,0.005,0.005,0.005,0.005,0.0005,0.01,0.01,0.5,0.01,0.01,0.02,0.01,0.0005,0.0005
152,vis_bl,0.0,0.005,0.005,0.005,0.005,0.005,0.005,0.005,0.005,0.005,0.005,0.0005,0.005,0.005,0.005,0.005,0.005,0.0005,0.0005,0.005,0.005,0.005,0.005,0.01,0.005,0.005,0.005,0.005,0.005,0.005,0.01,0.005,0.0,0.0,0.0,0.0,0.0,0.0,0.0,0.0,0.005,0.005,0.005,0.005,0.005,0.005,0.005,0.005,0.005,0.005,0.0005,0.002,0.002,0.5,0.002,0.002,0.05,0.05,0.0005,0.0005
153,bleed,0.0,0.0005,0.0005,0.0005,0.0005,0.0005,0.0005,0.0005,0.0005,0.0005,0.005,0.0005,0.0005,0.0005,0.0005,0.0005,0.0005,0.0005,0.0005,0.0005,0.0005,0.0005,0.005,0.0005,0.0005,0.0005,0.0005,0.0005,0.0005,0.0005,0.0005,0.0005,0.0,0.0,0.0,0.0,0.0,0.0,0.0,0.0,0.0005,0.0005,0.0005,0.0005,0.0005,0.0005,0.0005,0.0005,0.0005,0.005,0.0005,0.005,0.005,0.005,1,0.05,0.0005,0.5,0.5,0.0005
154,e_bleed,0.0,0.0005,0.0005,0.0005,0.0005,0.0005,0.0005,0.0005,0.0005,0.0005,0.001,0.0005,0.0005,0.0005,0.0005,0.0005,0.001,0.0005,0.0005,0.0005,0.0005,0.0005,0.005,0.0005,0.0005,0.0005,0.0005,0.0005,0.0005,0.0005,0.0005,0.0005,0.0,0.0,0.0,0.0,0.0,0.0,0.0,0.0,0.0005,0.0005,0.0005,0.0005,0.0005,0.0005,0.0005,0.0005,0.0005,0.005,0.0005,0.05,0.05,0.005,0.8,0.005,0.0005,0.5,0.005,0.0005
155,s_bleed,0.0,0.0005,0.0005,0.0005,0.0005,0.0005,0.0005,0.0005,0.0005,0.0005,0.001,0.0005,0.0005,0.0005,0.0005,0.0005,0.0005,0.0005,0.0005,0.0005,0.0005,0.0005,0.005,0.0005,0.0005,0.0005,0.0005,0.0005,0.0005,0.0005,0.0005,0.0005,0.0,0.0,0.0,0.0,0.0,0.0,0.0,0.0,0.0005,0.0005,0.0005,0.0005,0.0005,0.0005,0.0005,0.0005,0.0005,0.0005,0.0005,0.0,0.0,0.005,0.8,0.005,0.0005,0.5,0.005,0.0005
156,d_bleed,0.0,0.0005,0.0005,0.0005,0.0005,0.0005,0.0005,0.0005,0.0005,0.0005,0.001,0.0005,0.0005,0.0005,0.0005,0.0005,0.0005,0.0005,0.0005,0.0005,0.0005,0.0005,0.005,0.0005,0.0005,0.0005,0.0005,0.0005,0.0005,0.0005,0.0005,0.0005,0.0,0.0,0.0,0.0,0.0,0.0,0.0,0.0,0.0005,0.0005,0.0005,0.0005,0.0005,0.0005,0.0005,0.0005,0.0005,0.0005,0.0005,0.0,0.0,0.002,0.8,0.2,0.0005,0.5,0.05,0.0005
157,p_bleed,0.0,0.0005,0.0005,0.0005,0.0005,0.0005,0.0005,0.0005,0.0005,0.0005,0.001,0.0005,0.0005,0.0005,0.0005,0.0005,0.0005,0.0005,0.0005,0.0005,0.0005,0.0005,0.005,0.0005,0.0005,0.0005,0.0005,0.0005,0.0005,0.0005,0.0005,0.0005,0.0,0.0,0.0,0.0,0.0,0.0,0.0,0.0,0.0005,0.0005,0.0005,0.0005,0.0005,0.0005,0.0005,0.0005,0.0005,0.0005,0.0005,0.0,0.0,0.0005,0.8,0.005,0.0005,0.5,0.05,0.0005
158,placent_r,0.0,0.005,0.005,0.005,0.005,0.005,0.005,0.005,0.005,0.005,0.005,0.0005,0.0005,0.0005,0.0005,0.0005,0.0005,0.0005,0.0005,0.0005,0.0005,0.0005,0.0005,0.0005,0.0005,0.0005,0.0005,0.0005,0.0005,0.0005,0.0005,0.0005,0.0,0.0,0.0,0.0,0.0,0.0,0.0,0.0,0.0005,0.0005,0.0005,0.0005,0.0005,0.0005,0.0005,0.0005,0.0005,0.0005,0.0005,0.0005,0.005,0.005,0.5,0.05,0.05,0.05,0.02,0.0005
159,disch_sm,0.0,0.005,0.005,0.005,0.005,0.005,0.005,0.005,0.005,0.005,0.005,0.0005,0.0005,0.0005,0.0005,0.0005,0.05,0.0005,0.0005,0.005,0.005,0.005,0.005,0.005,0.005,0.005,0.005,0.005,0.005,0.005,0.005,0.005,0.0,0.0,0.0,0.0,0.0,0.0,0.0,0.0,0.0005,0.0005,0.0005,0.0005,0.0005,0.0005,0.0005,0.0005,0.0005,0.0005,0.0005,0.05,0.5,0.05,0.05,0.1,0.5,0.05,0.0005,0.0005
160,term_att,0.0,0.005,0.005,0.005,0.005,0.005,0.005,0.005,0.005,0.005,0.005,0.0005,0.0005,0.0005,0.0005,0.0005,0.0005,0.0005,0.0005,0.005,0.005,0.005,0.005,0.005,0.005,0.005,0.005,0.005,0.005,0.005,0.005,0.005,0.0,0.0,0.0,0.0,0.0,0.0,0.0,0.0,0.0005,0.0005,0.0005,0.0005,0.0005,0.0005,0.0005,0.0005,0.0005,0.0005,0.0005,0.01,0.8,0.01,0.05,0.002,0.005,0.005,0.005,0.0005
161,abort,0.0,0.0005,0.0005,0.0005,0.0005,0.0005,0.0005,0.0005,0.0005,0.0005,0.0005,0.0005,0.0005,0.0005,0.0005,0.0005,0.0005,0.0005,0.0005,0.0005,0.0005,0.0005,0.0005,0.0005,0.0005,0.0005,0.0005,0.0005,0.0005,0.0005,0.0005,0.0005,0.0,0.0,0.0,0.0,0.0,0.0,0.0,0.0,0.0005,0.0005,0.0005,0.0005,0.0005,0.0005,0.0005,0.0005,0.0005,0.0005,0.0005,0.0,1,0.0,0.0,0.0,0.0,0.0,0.0,0.0
162,born_early,0.0,0.0,0.0,0.0005,0.0005,0.0005,0.0005,0.0005,0.0,0.00001,0.0,0.0005,0.0,0.0,0.0,0.0,0.0,0.0,0.0,0.0005,0.0,0.0005,0.0005,0.0005,0.0005,0.0,0.0005,0.0005,0.0005,0.0005,0.0005,0.00001,0.002,0.5,0.05,0.002,0.02,0.05,0.05,0.5,0.00001,0.00001,0.00001,0.00001,0.00001,0.0005,0.00001,0.00001,0.0,0.0005,0.0005,0.0,0.0,0.0,0.0,0.0,0.0,0.0,0.0,0.0
163,born_3437,0.0,0.0,0.0,0.0005,0.0,0.0,0.01,0.0005,0.0,0.00001,0.0,0.0005,0.0,0.0,0.0,0.0,0.0,0.0,0.0,0.0005,0.0,0.0005,0.0005,0.0005,0.0005,0.0,0.0005,0.0005,0.0005,0.0005,0.0005,0.00001,0.0005,0.2,0.05,0.02,0.005,0.05,0.005,0.005,0.00001,0.00001,0.00001,0.00001,0.00001,0.0005,0.00001,0.00001,0.0,0.0005,0.0005,0.0,0.0,0.0,0.0,0.0,0.0,0.0,0.0,0.0
164,born_38,0.0,0.0,0.0,0.0005,0.0,0.0,0.01,0.0005,0.0,0.00001,0.0,0.0005,0.0,0.0,0.0,0.0,0.0,0.0,0.0,0.0005,0.0,0.0005,0.0005,0.0005,0.0005,0.0,0.0005,0.0005,0.0005,0.0005,0.0005,0.00001,0.0005,0.05,0.05,0.005,0.005,0.0005,0.05,0.05,0.00001,0.00001,0.00001,0.00001,0.00001,0.0005,0.00001,0.00001,0.0,0.0005,0.0005,0.0,0.0,0.0,0.0,0.0,0.0,0.0,0.0,0.0
165,ab_size,0.0,0.0,0.0,0.0005,0.0,0.0,0.005,0.0005,0.0,0.00001,0.0,0.0005,0.0,0.0,0.0,0.0,0.0,0.0,0.0,0.0005,0.0,0.0005,0.0005,0.0005,0.0005,0.0,0.0005,0.0005,0.0005,0.0005,0.005,0.00001,0.0005,0.5,0.05,0.05,0.05,0.05,0.05,0.05,0.00001,0.00001,0.00001,0.00001,0.00001,0.0005,0.00001,0.00001,0.0,0.0005,0.0005,0.0,0.0,0.0,0.0,0.0,0.0,0.0,0.0,0.0
166,born_small,0.0,0.0,0.0,0.0005,0.0,0.0,0.005,0.0,0.0,0.00001,0.0,0.0005,0.0,0.0,0.0,0.0,0.0,0.0,0.0,0.0005,0.0,0.0005,0.0005,0.0005,0.0005,0.0,0.0005,0.0005,0.0005,0.0005,0.005,0.00001,0.0005,0.8,0.05,0.05,0.05,0.05,0.05,0.05,0.00001,0.00001,0.00001,0.00001,0.00001,0.0005,0.00001,0.00001,0.0,0.0005,0.0005,0.0,0.0,0.0,0.0,0.0,0.0,0.0,0.0,0.0
167,born_big,0.0,0.0,0.0,0.0005,0.0,0.0,0.005,0.0,0.0,0.00001,0.0,0.0005,0.0,0.0,0.0,0.0,0.0,0.0,0.0,0.0005,0.0,0.0005,0.0005,0.0005,0.0005,0.0,0.0005,0.0005,0.0005,0.0005,0.0005,0.00001,0.0005,0.0,0.0005,0.0005,0.0005,0.05,0.05,0.05,0.00001,0.00001,0.00001,0.00001,0.00001,0.0005,0.00001,0.00001,0.0,0.0005,0.0005,0.0,0.0,0.0,0.0,0.0,0.0,0.0,0.0,0.0
168,twin,0.0,0.0,0.0,0.002,0.0,0.0,0.002,0.002,0.0,0.00001,0.0,0.0005,0.0,0.0,0.0005,0.0005,0.0005,0.0005,0.0,0.0005,0.0,0.0005,0.0005,0.0005,0.0005,0.0,0.0005,0.0005,0.0005,0.0005,0.0005,0.00001,0.002,0.5,0.1,0.002,0.002,0.0005,0.2,0.05,0.00001,0.00001,0.00001,0.00001,0.00001,0.0005,0.00001,0.00001,0.0,0.0005,0.0005,0.0,0.0,0.0,0.0,0.0,0.0,0.0,0.0,0.0
169,comdel,0.0,0.0,0.0,0.002,0.0,0.0,0.002,0.005,0.0,0.00001,0.0,0.0005,0.0,0.0,0.0005,0.0005,0.0005,0.0005,0.0,0.0005,0.0,0.0005,0.0005,0.0005,0.0005,0.0,0.0005,0.0005,0.0005,0.0005,0.002,0.00001,0.002,0.05,0.5,0.002,0.05,0.5,0.5,0.05,0.00001,0.00001,0.00001,0.00001,0.00001,0.0005,0.00001,0.00001,0.0,0.0005,0.0005,0.0,0.0,0.0,0.0,0.0,0.0,0.0,0.0,0.0
170,cord,0.0,0.0,0.0,0.0005,0.0,0.0,0.0005,0.0005,0.0,0.00001,0.0,0.0005,0.0,0.0,0.0,0.0,0.0,0.0,0.0,0.0005,0.0,0.0005,0.0005,0.0005,0.0005,0.0,0.0005,0.0005,0.0005,0.0005,0.0005,0.00001,0.0005,0.0005,0.5,0.0005,0.0005,0.05,0.5,0.05,0.00001,0.00001,0.00001,0.00001,0.00001,0.0005,0.00001,0.00001,0.0,0.0005,0.0005,0.0,0.0,0.0,0.0,0.0,0.0,0.0,0.0,0.0
171,waters,0.0,0.0,0.0,0.005,0.0,0.0,0.005,0.005,0.0,0.00001,0.0,0.0005,0.0,0.0,0.0,0.0,0.0,0.0,0.0,0.0005,0.0,0.0005,0.0005,0.0005,0.0005,0.0,0.0005,0.0005,0.0005,0.0005,0.0005,0.00001,0.0005,0.0005,0.0005,0.05,0.5,0.05,0.05,0.05,0.00001,0.00001,0.00001,0.00001,0.00001,0.0005,0.00001,0.00001,0.0,0.0005,0.0005,0.0,0.0,0.0,0.0,0.0,0.0,0.0,0.0,0.0
172,move_lb,0.0,0.0,0.0,0.0005,0.0,0.0,0.005,0.0005,0.0,0.00001,0.0,0.0005,0.0,0.0,0.0,0.0,0.0,0.0,0.0,0.0005,0.0,0.0005,0.0005,0.0005,0.0005,0.0,0.0005,0.0005,0.0005,0.0005,0.0005,0.00001,0.005,0.0,0.0,0.0,0.0,0.0,0.8,0.8,0.00001,0.00001,0.00001,0.00001,0.00001,0.0005,0.00001,0.00001,0.0,0.0005,0.0005,0.0,0.0,0.0,0.0,0.0,0.0,0.0,0.0,0.0
173,cyanosis,0.0,0.0,0.0,0.0005,0.0,0.0,0.0005,0.0005,0.0,0.00001,0.0,0.0005,0.0,0.0,0.0,0.0,0.0,0.0,0.0,0.0005,0.0,0.005,0.0005,0.0005,0.005,0.0,0.0005,0.0005,0.0005,0.0005,0.0005,0.00001,0.002,0.2,0.8,0.002,0.002,0.0005,0.5,0.0005,0.00001,0.00001,0.00001,0.00001,0.00001,0.0005,0.00001,0.00001,0.0,0.0005,0.0005,0.0,0.0,0.0,0.0,0.0,0.0,0.0,0.0,0.0
174,baby_br,0.0,0.0,0.0,0.0005,0.0,0.0,0.005,0.0005,0.0,0.00001,0.0,0.0005,0.0,0.0,0.0,0.0,0.0,0.0,0.0,0.0005,0.0,0.0005,0.0005,0.0005,0.0005,0.0,0.0005,0.0005,0.0005,0.0005,0.0005,0.00001,0.0005,0.2,0.005,0.05,0.05,0.05,0.0,0.0,0.00001,0.00001,0.00001,0.00001,0.00001,0.0005,0.00001,0.00001,0.0,0.0005,0.0005,0.0,0.0,0.0,0.0,0.0,0.0,0.0,0.0,0.0
175,born_nobr,0.0,0.0,0.0,0.0005,0.0,0.0,0.0005,0.0005,0.0,0.00001,0.0,0.0005,0.0,0.0,0.0,0.0,0.0,0.0,0.0,0.0005,0.0,0.0005,0.0005,0.0005,0.0005,0.0,0.0005,0.0005,0.0005,0.0005,0.0005,0.00001,0.002,0.2,0.8,0.002,0.002,0.0005,0.0,0.0,0.00001,0.00001,0.00001,0.00001,0.00001,0.0005,0.00001,0.00001,0.0,0.0005,0.0005,0.0,0.0,0.0,0.0,0.0,0.0,0.0,0.0,0.0
176,cried,0.0,0.0,0.0,0.0005,0.0,0.0,0.0005,0.0005,0.0,0.00001,0.0,0.0005,0.0,0.0,0.0,0.0,0.0,0.0,0.0,0.0005,0.0,0.0005,0.0005,0.0005,0.0005,0.0,0.0005,0.0005,0.0005,0.0005,0.0005,0.00001,0.0005,0.0005,0.1,0.005,0.005,0.05,0.0,0.0,0.00001,0.00001,0.00001,0.00001,0.00001,0.0005,0.00001,0.00001,0.0,0.0005,0.0005,0.0,0.0,0.0,0.0,0.0,0.0,0.0,0.0,0.0
177,no_life,0.0,0.0,0.0,0.0,0.0,0.0,0.0,0.0,0.0,0.0,0.0,0.0,0.0,0.0,0.0,0.0,0.0,0.0,0.0,0.0,0.0,0.0,0.0,0.0,0.0,0.0,0.0,0.0,0.0,0.0,0.0,0.0,0.0005,0.0,0.0,0.0,0.0,0.0,1,0.5,0.0,0.0,0.0,0.0,0.0,0.0,0.0,0.0,0.0,0.0,0.0,0.0,0.0,0.0,0.0,0.0,0.0,0.0,0.0,0.0
178,mushy,0.0,0.0,0.0,0.0,0.0,0.0,0.0,0.0,0.0,0.0,0.0,0.0,0.0,0.0,0.0,0.0,0.0,0.0,0.0,0.0,0.0,0.0,0.0,0.0,0.0,0.0,0.0,0.0,0.0,0.0,0.0,0.0,0.0,0.0,0.0,0.0,0.0,0.0,0.0,0.8,0.0,0.0,0.0,0.0,0.0,0.0,0.0,0.0,0.0,0.0,0.0,0.0,0.0,0.0,0.0,0.0,0.0,0.0,0.0,0.0
179,fed_d1,0.0,0.0,0.0,0.0005,0.0,0.0,0.05,0.0005,0.0,0.00001,0.0,0.0005,0.0,0.0,0.0,0.0,0.0,0.0,0.0,0.0005,0.0,0.0005,0.0005,0.0005,0.0005,0.0,0.0005,0.0005,0.0005,0.0005,0.0005,0.00001,0.0005,0.0005,0.0005,0.05,0.05,0.0005,0.0,0.0,0.00001,0.00001,0.00001,0.00001,0.00001,0.0005,0.00001,0.00001,0.0,0.0005,0.0005,0.0,0.0,0.0,0.0,0.0,0.0,0.0,0.0,0.0
180,st_suck,0.0,0.0,0.0,0.0005,0.0,0.0,0.0005,0.0005,0.0,0.0,0.0,0.0005,0.0,0.0,0.0,0.0,0.0,0.0,0.0,0.0005,0.0,0.0005,0.0005,0.0005,0.0005,0.0,0.0005,0.0005,0.0005,0.0005,0.0005,0.00001,0.0005,0.0005,0.0005,0.5,0.5,0.0005,0.0,0.0,0.00001,0.00001,0.00001,0.00001,0.00001,0.0005,0.00001,0.00001,0.0,0.0005,0.0005,0.0,0.0,0.0,0.0,0.0,0.0,0.0,0.0,0.0
181,ab_posit,0.0,0.0,0.0,0.0005,0.0,0.0,0.005,0.0005,0.0,0.00001,0.0,0.0005,0.0,0.0,0.0,0.0,0.0,0.0,0.0,0.0005,0.0,0.0005,0.0005,0.0005,0.0005,0.0,0.0005,0.0005,0.0005,0.0005,0.0005,0.00001,0.0005,0.05,0.05,0.005,0.005,0.05,0.05,0.05,0.00001,0.00001,0.00001,0.00001,0.00001,0.0005,0.00001,0.00001,0.0,0.0005,0.0005,0.0,0.0,0.0,0.0,0.0,0.0,0.0,0.0,0.0
182,conv_d1,0.0,0.0,0.0,0.0005,0.0,0.0,0.0,0.0005,0.0,0.00001,0.0,0.0005,0.0,0.0,0.0,0.0,0.0,0.0,0.0,0.0005,0.0,0.0005,0.0005,0.0005,0.0005,0.0,0.0005,0.0005,0.0005,0.0005,0.05,0.00001,0.0005,0.05,0.05,0.0005,0.0005,0.005,0.0,0.0,0.00001,0.00001,0.00001,0.00001,0.00001,0.0005,0.00001,0.00001,0.0,0.0005,0.0005,0.0,0.0,0.0,0.0,0.0,0.0,0.0,0.0,0.0
183,conv_d2,0.0,0.0,0.0,0.0005,0.0,0.0,0.5,0.005,0.0,0.00001,0.0,0.0005,0.0,0.0,0.0,0.0,0.0,0.0,0.0,0.0005,0.0,0.0005,0.0005,0.0005,0.0005,0.0,0.0005,0.0005,0.0005,0.0005,0.05,0.00001,0.0005,0.05,0.05,0.0005,0.0005,0.005,0.0,0.0,0.00001,0.00001,0.00001,0.00001,0.00001,0.0005,0.00001,0.00001,0.0,0.0005,0.0005,0.0,0.0,0.0,0.0,0.0,0.0,0.0,0.0,0.0
184,arch_b,0.0,0.0,0.0,0.0005,0.0,0.0,0.05,0.2,0.0,0.0,0.0,0.0005,0.0,0.0,0.0,0.0,0.0,0.0,0.0,0.0005,0.0,0.0005,0.0005,0.0005,0.0005,0.0,0.0005,0.0005,0.0005,0.0005,0.0005,0.00001,0.0005,0.0005,0.0,0.0005,0.0005,0.0005,0.0,0.0,0.00001,0.00001,0.00001,0.00001,0.00001,0.0005,0.00001,0.00001,0.0,0.0005,0.0005,0.0,0.0,0.0,0.0,0.0,0.0,0.0,0.0,0.0
185,font_hi,0.0,0.0,0.0,0.002,0.005,0.002,0.5,0.002,0.0,0.00001,0.0,0.0005,0.0,0.0,0.0,0.0,0.0,0.0,0.0,0.0005,0.0,0.0005,0.0005,0.0005,0.0005,0.0,0.0005,0.0005,0.0005,0.0005,0.0005,0.00001,0.002,0.0005,0.0005,0.0005,0.0005,0.0005,0.0,0.0,0.00001,0.00001,0.00001,0.00001,0.00001,0.0005,0.00001,0.00001,0.0,0.0005,0.0005,0.0,0.0,0.0,0.0,0.0,0.0,0.0,0.0,0.0
186,font_lo,0.0,0.0,0.0,0.5,0.005,0.01,0.0001,0.005,0.0,0.00001,0.0,0.0005,0.0,0.0,0.0,0.0,0.0,0.0,0.0,0.01,0.0,0.0005,0.0005,0.0005,0.0005,0.0,0.0005,0.0005,0.0005,0.0005,0.0005,0.00001,0.005,0.005,0.0005,0.0005,0.0005,0.005,0.0,0.0,0.00001,0.00001,0.00001,0.00001,0.00001,0.0005,0.00001,0.00001,0.0,0.0005,0.0005,0.0,0.0,0.0,0.0,0.0,0.0,0.0,0.0,0.0
187,unw_d1,0.0,0.0,0.0,0.0005,0.0,0.0,0.0,0.0,0.0,0.0,0.0,0.0005,0.0,0.0,0.0,0.0,0.0,0.0,0.0,0.0005,0.0,0.0005,0.0005,0.0005,0.0005,0.0,0.0005,0.0005,0.0005,0.0005,0.0005,0.00001,0.0005,0.05,0.005,0.0005,0.0005,0.05,0.0,0.0,0.0,0.0,0.0,0.0,0.0,0.0,0.0,0.0,0.0,0.0,0.0,0.0,0.0,0.0,0.0,0.0,0.0,0.0,0.0,0.0
188,unw_d2,0.0,0.0,0.0,0.0,0.0,0.0,0.0005,0.0,0.0,0.0,0.0,0.0,0.0,0.0,0.0,0.0,0.0,0.0,0.0,0.0005,0.0,0.0005,0.0005,0.0005,0.0005,0.0,0.0005,0.0005,0.0005,0.0005,0.0005,0.00001,0.005,0.05,0.0005,0.005,0.005,0.05,0.0,0.0,0.00001,0.00001,0.00001,0.00001,0.00001,0.0005,0.00001,0.00001,0.0,0.0005,0.0005,0.0,0.0,0.0,0.0,0.0,0.0,0.0,0.0,0.0
189,cold,0.0,0.0,0.0,0.0005,0.0,0.0,0.0005,0.0005,0.0,0.0,0.0,0.0005,0.0,0.0,0.0,0.0,0.0,0.0,0.0,0.0005,0.0,0.0005,0.0005,0.0005,0.0005,0.0,0.0005,0.0005,0.0005,0.0005,0.0005,0.00001,0.0005,0.05,0.05,0.0005,0.0005,0.005,0.05,0.0,0.00001,0.00001,0.00001,0.00001,0.00001,0.0005,0.00001,0.00001,0.0,0.0005,0.0005,0.0,0.0,0.0,0.0,0.0,0.0,0.0,0.0,0.0
190,umbinf,0.0,0.0,0.0,0.0005,0.0005,0.0005,0.0005,0.2,0.0,0.0,0.0,0.05,0.0,0.0,0.0,0.0,0.0,0.0,0.0,0.0005,0.0,0.0005,0.0005,0.0005,0.0005,0.0,0.0005,0.0005,0.0005,0.0005,0.0005,0.00001,0.0005,0.0005,0.0005,0.005,0.5,0.0005,0.0,0.0,0.00001,0.00001,0.00001,0.00001,0.00001,0.0005,0.00001,0.00001,0.0,0.0005,0.0005,0.0,0.0,0.0,0.0,0.0,0.0,0.0,0.0,0.0
191,b_yellow,0.0,0.0,0.0,0.0005,0.005,0.0005,0.0005,0.0005,0.0,0.00001,0.0,0.0005,0.0,0.0,0.0,0.0,0.0,0.0,0.0,0.0005,0.0,0.0005,0.0005,0.0005,0.0005,0.0,0.0005,0.0005,0.005,0.0005,0.0005,0.00001,0.0005,0.0005,0.0005,0.005,0.005,0.005,0.0005,0.0005,0.00001,0.00001,0.00001,0.00001,0.00001,0.0005,0.00001,0.00001,0.0,0.0005,0.0005,0.0,0.0,0.0,0.0,0.0,0.0,0.0,0.0,0.0
192,devel,0.002,0.002,0.1,0.002,0.002,0.002,0.002,0.002,0.0005,0.002,0.002,0.0005,0.00001,0.00001,0.00001,0.00001,0.00001,0.00001,0.0005,0.05,0.0005,0.0005,0.005,0.0005,0.0005,0.0,0.0005,0.0005,0.0005,0.0005,0.002,0.00001,0.05,0.1,0.002,0.002,0.002,0.0005,0.0,0.0,0.0005,0.0005,0.0005,0.0005,0.0005,0.0005,0.0005,0.0005,0.0,0.0005,0.0005,0.0,0.0,0.0,0.0,0.0,0.0,0.0,0.0,0.0
193,born_malf,0.00001,0.00001,0.00001,0.00001,0.00001,0.00001,0.00001,0.00001,0.00001,0.00001,0.00001,0.00001,0.00001,0.00001,0.00001,0.00001,0.00001,0.00001,0.00001,0.0005,0.0005,0.005,0.0005,0.002,0.002,0.0,0.0005,0.0005,0.0005,0.0005,0.0005,0.00001,1,0.05,0.05,0.002,0.002,0.0005,0.2,0.2,0.0005,0.0005,0.0005,0.0005,0.0005,0.0005,0.0005,0.0005,0.0,0.005,0.0005,0.0,0.0,0.0,0.0,0.0,0.0,0.0,0.0,0.0
194,mlf_bk,0.00001,0.00001,0.00001,0.00001,0.00001,0.00001,0.00001,0.00001,0.00001,0.00001,0.00001,0.00001,0.00001,0.00001,0.00001,0.00001,0.00001,0.00001,0.00001,0.00001,0.00001,0.00001,0.00001,0.00001,0.00001,0.0,0.00001,0.00001,0.00001,0.00001,0.00001,0.00001,0.5,0.005,0.005,0.0005,0.0005,0.0005,0.05,0.05,0.0005,0.0005,0.0005,0.0005,0.0005,0.0005,0.0005,0.0005,0.0,0.005,0.0005,0.0,0.0,0.0,0.0,0.0,0.0,0.0,0.0,0.0
195,mlf_lh,0.00001,0.00001,0.00001,0.00001,0.00001,0.00001,0.00001,0.00001,0.00001,0.00001,0.00001,0.00001,0.00001,0.00001,0.00001,0.00001,0.00001,0.00001,0.00001,0.00001,0.00001,0.00001,0.00001,0.00001,0.00001,0.0,0.00001,0.00001,0.00001,0.00001,0.00001,0.00001,0.5,0.005,0.005,0.0005,0.0005,0.0005,0.05,0.05,0.0005,0.0005,0.0005,0.0005,0.0005,0.0005,0.0005,0.0005,0.0,0.005,0.0005,0.0,0.0,0.0,0.0,0.0,0.0,0.0,0.0,0.0
196,mlf_sh,0.00001,0.00001,0.00001,0.00001,0.00001,0.00001,0.00001,0.00001,0.00001,0.00001,0.00001,0.00001,0.00001,0.00001,0.00001,0.00001,0.00001,0.00001,0.00001,0.00001,0.00001,0.00001,0.00001,0.00001,0.00001,0.0,0.00001,0.00001,0.00001,0.00001,0.00001,0.00001,0.5,0.005,0.005,0.0005,0.0005,0.0005,0.05,0.05,0.0005,0.0005,0.0005,0.0005,0.0005,0.0005,0.0005,0.0005,0.0,0.005,0.0005,0.0,0.0,0.0,0.0,0.0,0.0,0.0,0.0,0.0
197,mttv,0.0005,0.0005,0.0,0.0005,0.0,0.0,0.0005,0.005,0.0,0.0,0.0,0.0,0.0,0.0,0.0,0.0,0.0,0.0,0.0005,0.0005,0.0005,0.0005,0.0005,0.0005,0.0005,0.0,0.0005,0.0005,0.0005,0.0005,0.0005,0.00001,0.0005,0.05,0.0005,0.005,0.005,0.005,0.05,0.05,0.0005,0.005,0.005,0.0005,0.005,0.005,0.005,0.0,0.0,0.0005,0.005,0.0,0.0,0.0,0.0,0.0,0.0,0.0,0.0,0.0
198,b_norm,0.0,0.0,0.0,0.0005,0.0,0.0,0.0005,0.00001,0.0,0.0,0.0,0.00001,0.0,0.0,0.0,0.0,0.0,0.0,0.0,0.0005,0.0,0.0005,0.0005,0.00001,0.0005,0.0,0.00001,0.0005,0.0005,0.0005,0.0005,0.00001,0.00001,0.0005,0.00001,0.00001,0.00001,0.00001,0.0005,0.0005,0.00001,0.00001,0.00001,0.00001,0.00001,0.00001,0.00001,0.00001,0.0,0.00001,0.00001,0.0,0.0,0.0,0.0,0.0,0.0,0.0,0.0,0.0
199,b_assist,0.0,0.0,0.0,0.0005,0.0,0.0,0.0005,0.0005,0.0,0.0,0.0,0.0005,0.0,0.0,0.0,0.0,0.0,0.0,0.0,0.0005,0.0,0.0005,0.0005,0.0005,0.0005,0.0,0.00001,0.0005,0.0005,0.0005,0.0005,0.00001,0.0005,0.00001,0.0005,0.0005,0.005,0.0005,0.00001,0.00001,0.00001,0.00001,0.00001,0.00001,0.00001,0.00001,0.00001,0.00001,0.0,0.00001,0.00001,0.0,0.0,0.0,0.0,0.0,0.0,0.0,0.0,0.0
200,b_caes,0.0,0.0,0.0,0.0005,0.0,0.0,0.0005,0.0005,0.0,0.0,0.0,0.0005,0.0,0.0,0.0,0.0,0.0,0.0,0.0,0.0005,0.0,0.0005,0.0005,0.0005,0.0005,0.0,0.00001,0.0005,0.0005,0.0005,0.0005,0.00001,0.0005,0.00001,0.00001,0.0005,0.0005,0.0005,0.00001,0.00001,0.00001,0.00001,0.00001,0.00001,0.00001,0.00001,0.00001,0.00001,0.0,0.00001,0.00001,0.0,0.0,0.0,0.0,0.0,0.0,0.0,0.0,0.0
201,b_first,0.0,0.0,0.0,0.0005,0.0,0.0,0.0005,0.00001,0.0,0.0,0.0,0.00001,0.0,0.0,0.0,0.0,0.0,0.0,0.0,0.0005,0.0,0.0005,0.0005,0.0005,0.0005,0.0,0.00001,0.0005,0.0005,0.0005,0.0005,0.00001,0.0005,0.0005,0.0005,0.0005,0.0005,0.0005,0.0005,0.0005,0.00001,0.00001,0.00001,0.00001,0.00001,0.00001,0.00001,0.00001,0.0,0.00001,0.00001,0.0,0.0,0.0,0.0,0.0,0.0,0.0,0.0,0.0
202,b_more4,0.0,0.0,0.0,0.0005,0.0,0.0,0.0005,0.00001,0.0,0.0,0.0,0.00001,0.0,0.0,0.0,0.0,0.0,0.0,0.0,0.0005,0.0,0.0005,0.0005,0.0005,0.0005,0.0,0.00001,0.0005,0.0005,0.0005,0.0005,0.00001,0.0005,0.0005,0.0005,0.0005,0.0005,0.0005,0.0005,0.0005,0.00001,0.00001,0.00001,0.00001,0.00001,0.00001,0.00001,0.00001,0.0,0.00001,0.00001,0.0,0.0,0.0,0.0,0.0,0.0,0.0,0.0,0.0
203,b_mbpr,0.0,0.0,0.0,0.0005,0.0,0.0,0.0005,0.00001,0.0,0.0,0.0,0.00001,0.0,0.0,0.0,0.0,0.0,0.0,0.0,0.0005,0.0,0.0005,0.0005,0.0005,0.0005,0.0,0.00001,0.0005,0.0005,0.0005,0.0005,0.00001,0.0005,0.0005,0.0005,0.00001,0.00001,0.0005,0.00001,0.0005,0.00001,0.00001,0.00001,0.00001,0.00001,0.00001,0.00001,0.00001,0.0,0.00001,0.00001,0.0,0.0,0.0,0.0,0.0,0.0,0.0,0.0,0.0
204,b_msmds,0.0,0.0,0.0,0.0005,0.0,0.0,0.0005,0.00001,0.0,0.0,0.0,0.05,0.0,0.0,0.0,0.0,0.0,0.0,0.0,0.0005,0.0,0.0005,0.0005,0.0005,0.0005,0.0,0.00001,0.0005,0.0005,0.0005,0.0005,0.00001,0.0005,0.00001,0.0005,0.05,0.5,0.0005,0.00001,0.005,0.00001,0.00001,0.00001,0.00001,0.00001,0.00001,0.00001,0.00001,0.0,0.00001,0.00001,0.0,0.0,0.0,0.0,0.0,0.0,0.0,0.0,0.0
205,b_mcon,0.0,0.0,0.0,0.0005,0.0,0.0,0.0005,0.00001,0.0,0.0,0.0,0.00001,0.0,0.0,0.0,0.0,0.0,0.0,0.0,0.0005,0.0,0.0005,0.0005,0.0005,0.0005,0.0,0.00001,0.0005,0.0005,0.0005,0.0005,0.00001,0.0005,0.0005,0.0005,0.0005,0.0005,0.0005,0.00001,0.0005,0.00001,0.00001,0.00001,0.00001,0.00001,0.00001,0.00001,0.00001,0.0,0.00001,0.00001,0.0,0.0,0.0,0.0,0.0,0.0,0.0,0.0,0.0
206,b_mbvi,0.0,0.0,0.0,0.0005,0.0,0.0,0.0005,0.00001,0.0,0.0,0.0,0.00001,0.0,0.0,0.0,0.0,0.0,0.0,0.0,0.0005,0.0,0.0005,0.0005,0.0005,0.0005,0.0,0.00001,0.0005,0.0005,0.0005,0.0005,0.00001,0.0005,0.00001,0.0005,0.0005,0.0005,0.0005,0.00001,0.0005,0.00001,0.00001,0.00001,0.00001,0.00001,0.00001,0.00001,0.00001,0.0,0.00001,0.00001,0.0,0.0,0.0,0.0,0.0,0.0,0.0,0.0,0.0
207,b_mvbl,0.0,0.0,0.0,0.0005,0.0,0.0,0.0005,0.00001,0.0,0.0,0.0,0.0005,0.0,0.0,0.0,0.0,0.0,0.0,0.0,0.0005,0.0,0.0005,0.0005,0.0005,0.0005,0.0,0.00001,0.0005,0.0005,0.0005,0.0005,0.00001,0.0005,0.00001,0.0005,0.005,0.005,0.0005,0.00001,0.0005,0.00001,0.00001,0.00001,0.00001,0.00001,0.00001,0.00001,0.00001,0.0,0.00001,0.00001,0.0,0.0,0.0,0.0,0.0,0.0,0.0,0.0,0.0
208,b_bfac,0.0,0.0,0.0,0.0005,0.0,0.0,0.0005,0.00001,0.0,0.0,0.0,0.00001,0.0,0.0,0.0,0.0,0.0,0.0,0.0,0.0005,0.0,0.0005,0.0005,0.0005,0.0005,0.0,0.00001,0.0005,0.0005,0.0005,0.0005,0.00001,0.0005,0.00001,0.00001,0.00001,0.00001,0.00001,0.0005,0.0005,0.00001,0.00001,0.00001,0.00001,0.00001,0.00001,0.00001,0.00001,0.0,0.00001,0.00001,0.0,0.0,0.0,0.0,0.0,0.0,0.0,0.0,0.0
209,b_bhome,0.0,0.0,0.0,0.0005,0.0,0.0,0.0005,0.0005,0.0,0.0,0.0,0.0005,0.0,0.0,0.0,0.0,0.0,0.0,0.0,0.0005,0.0,0.0005,0.0005,0.0005,0.0005,0.0,0.00001,0.0005,0.0005,0.0005,0.0005,0.00001,0.0005,0.00001,0.0005,0.0005,0.0005,0.0005,0.0005,0.0005,0.00001,0.00001,0.00001,0.00001,0.00001,0.00001,0.00001,0.00001,0.0,0.00001,0.00001,0.0,0.0,0.0,0.0,0.0,0.0,0.0,0.0,0.0
210,b_bway,0.0,0.0,0.0,0.0005,0.0,0.0,0.0005,0.0005,0.0,0.0,0.0,0.005,0.0,0.0,0.0,0.0,0.0,0.0,0.0,0.0005,0.0,0.0005,0.0005,0.0005,0.0005,0.0,0.00001,0.0005,0.0005,0.0005,0.0005,0.00001,0.0005,0.00001,0.0005,0.005,0.005,0.0005,0.0005,0.0005,0.00001,0.00001,0.00001,0.00001,0.00001,0.00001,0.00001,0.00001,0.0,0.00001,0.00001,0.0,0.0,0.0,0.0,0.0,0.0,0.0,0.0,0.0
211,b_bprof,0.0,0.0,0.0,0.0005,0.0,0.0,0.0005,0.0005,0.0,0.0,0.0,0.0005,0.0,0.0,0.0,0.0,0.0,0.0,0.0,0.0005,0.0,0.0005,0.0005,0.0005,0.0005,0.0,0.00001,0.0005,0.0005,0.0005,0.0005,0.00001,0.0005,0.00001,0.0005,0.0005,0.0005,0.00001,0.0005,0.0005,0.00001,0.00001,0.00001,0.00001,0.00001,0.00001,0.00001,0.00001,0.0,0.00001,0.00001,0.0,0.0,0.0,0.0,0.0,0.0,0.0,0.0,0.0
212,injury,0.00001,0.00001,0.00001,0.00001,0.00001,0.00001,0.00001,0.00001,0.00001,0.00001,0.00001,0.00001,0.00001,0.00001,0.00001,0.00001,0.00001,0.00001,0.00001,0.00001,0.00001,0.00001,0.00001,0.00001,0.00001,0.00001,0.00001,0.00001,0.00001,0.00001,0.00001,0.00001,0.00001,0.00001,0.00001,0.00001,0.00001,0.00001,0.0,0.0,1,1,1,1,1,1,1,1,1,1,1,0.00001,0.00001,0.00001,0.00001,0.00001,0.00001,0.00001,0.00001,0.00001
213,traffic,0.00001,0.00001,0.00001,0.00001,0.00001,0.00001,0.00001,0.00001,0.00001,0.00001,0.00001,0.00001,0.00001,0.00001,0.00001,0.00001,0.00001,0.00001,0.00001,0.00001,0.00001,0.00001,0.00001,0.00001,0.00001,0.00001,0.00001,0.00001,0.00001,0.00001,0.00001,0.00001,0.00001,0.00001,0.00001,0.00001,0.00001,0.00001,0.0,0.0,1,0.0005,0.005,0.005,0.005,0.0,0.0,0.0,0.005,0.005,0.0,0.00001,0.00001,0.00001,0.00001,0.00001,0.00001,0.00001,0.00001,0.00001
214,o_trans,0.00001,0.00001,0.00001,0.00001,0.00001,0.00001,0.00001,0.00001,0.00001,0.00001,0.00001,0.00001,0.00001,0.00001,0.00001,0.00001,0.00001,0.00001,0.00001,0.00001,0.00001,0.00001,0.00001,0.00001,0.00001,0.00001,0.00001,0.00001,0.00001,0.00001,0.00001,0.00001,0.00001,0.00001,0.00001,0.00001,0.00001,0.00001,0.0,0.0,0.0005,1,0.0005,0.0005,0.0005,0.0,0.0,0.0,0.005,0.0005,0.0,0.00001,0.00001,0.00001,0.00001,0.00001,0.00001,0.00001,0.00001,0.00001
215,fall,0.00001,0.00001,0.00001,0.00001,0.00001,0.00001,0.00001,0.00001,0.00001,0.00001,0.00001,0.00001,0.00001,0.00001,0.00001,0.00001,0.00001,0.00001,0.00001,0.00001,0.00001,0.00001,0.00001,0.005,0.00001,0.00001,0.00001,0.00001,0.00001,0.00001,0.00001,0.00001,0.00001,0.00001,0.00001,0.00001,0.00001,0.00001,0.0,0.0,0.0,0.0,1,0.005,0.01,0.0,0.0,0.0,0.005,0.0005,0.0,0.00001,0.00001,0.00001,0.00001,0.00001,0.00001,0.00001,0.00001,0.00001
216,drown,0.00001,0.00001,0.00001,0.00001,0.00001,0.00001,0.00001,0.00001,0.00001,0.00001,0.00001,0.00001,0.00001,0.00001,0.00001,0.00001,0.00001,0.00001,0.00001,0.00001,0.00001,0.00001,0.00001,0.00001,0.00001,0.00001,0.00001,0.00001,0.00001,0.00001,0.00001,0.00001,0.00001,0.00001,0.00001,0.00001,0.00001,0.00001,0.0,0.0,0.0,0.0,0.0,1,0.0,0.0,0.0005,0.0,0.005,0.0005,0.0,0.00001,0.00001,0.00001,0.00001,0.00001,0.00001,0.00001,0.00001,0.00001
217,fire,0.00001,0.00001,0.00001,0.00001,0.00001,0.00001,0.00001,0.00001,0.00001,0.00001,0.00001,0.00001,0.00001,0.00001,0.00001,0.00001,0.00001,0.00001,0.00001,0.00001,0.00001,0.00001,0.00001,0.00001,0.00001,0.00001,0.00001,0.00001,0.00001,0.00001,0.00001,0.00001,0.00001,0.00001,0.00001,0.00001,0.00001,0.00001,0.0,0.0,0.001,0.001,0.0,0.0,1,0.001,0.0,0.0,0.0,0.001,0.0,0.00001,0.00001,0.00001,0.00001,0.00001,0.00001,0.00001,0.00001,0.00001
218,assault,0.00001,0.00001,0.00001,0.00001,0.00001,0.00001,0.00001,0.00001,0.00001,0.00001,0.00001,0.00001,0.00001,0.00001,0.00001,0.00001,0.00001,0.00001,0.00001,0.00001,0.00001,0.00001,0.00001,0.00001,0.00001,0.00001,0.00001,0.00001,0.00001,0.00001,0.00001,0.00001,0.00001,0.00001,0.00001,0.00001,0.00001,0.00001,0.0,0.0,0.00001,0.00001,0.0,0.0001,0.0001,0.0,0.0,0.0,0.0,1,0.0,0.00001,0.00001,0.00001,0.00001,0.00001,0.00001,0.00001,0.00001,0.00001
219,venom,0.00001,0.00001,0.00001,0.00001,0.00001,0.00001,0.00001,0.00001,0.00001,0.00001,0.00001,0.00001,0.00001,0.00001,0.00001,0.00001,0.00001,0.00001,0.00001,0.00001,0.00001,0.00001,0.00001,0.00001,0.00001,0.00001,0.00001,0.00001,0.00001,0.00001,0.00001,0.00001,0.00001,0.00001,0.00001,0.00001,0.00001,0.00001,0.0,0.0,0.0,0.0,0.0,0.0,0.0,1,0.0,0.0,0.0,0.0,0.0,0.00001,0.00001,0.00001,0.00001,0.00001,0.00001,0.00001,0.00001,0.00001
220,force,0.00001,0.00001,0.00001,0.00001,0.00001,0.00001,0.00001,0.00001,0.00001,0.00001,0.00001,0.00001,0.00001,0.00001,0.00001,0.00001,0.00001,0.00001,0.00001,0.00001,0.00001,0.00001,0.00001,0.00001,0.00001,0.00001,0.00001,0.00001,0.00001,0.00001,0.00001,0.00001,0.00001,0.00001,0.00001,0.00001,0.00001,0.00001,0.0,0.0,0.0,0.0,0.0,0.0,0.0,0.0,1,0.0,0.0,0.0,0.0,0.00001,0.00001,0.00001,0.00001,0.00001,0.00001,0.00001,0.00001,0.00001
221,poison,0.00001,0.00001,0.00001,0.00001,0.00001,0.00001,0.00001,0.00001,0.00001,0.00001,0.00001,0.00001,0.00001,0.00001,0.00001,0.00001,0.00001,0.00001,0.00001,0.00001,0.00001,0.00001,0.00001,0.00001,0.00001,0.00001,0.00001,0.00001,0.00001,0.00001,0.00001,0.00001,0.00001,0.00001,0.00001,0.00001,0.00001,0.00001,0.0,0.0,0.0,0.0,0.0,0.0,0.0,0.0,0.0,1,0.5,0.0,0.0,0.00001,0.00001,0.00001,0.00001,0.00001,0.00001,0.00001,0.00001,0.00001
222,inflict,0.00001,0.00001,0.00001,0.00001,0.00001,0.00001,0.00001,0.00001,0.00001,0.00001,0.00001,0.00001,0.00001,0.00001,0.00001,0.00001,0.00001,0.00001,0.00001,0.00001,0.00001,0.00001,0.00001,0.00001,0.00001,0.00001,0.00001,0.00001,0.00001,0.00001,0.00001,0.00001,0.00001,0.00001,0.00001,0.00001,0.00001,0.00001,0.0,0.0,0.00001,0.0,0.0,0.0,0.0,0.0,0.0,0.0,0.0,1,0.0,0.00001,0.00001,0.00001,0.00001,0.00001,0.00001,0.00001,0.00001,0.00001
223,suicide,0.00001,0.00001,0.00001,0.00001,0.00001,0.00001,0.00001,0.00001,0.00001,0.00001,0.00001,0.00001,0.00001,0.00001,0.00001,0.00001,0.00001,0.00001,0.00001,0.00001,0.00001,0.00001,0.00001,0.00001,0.00001,0.00001,0.00001,0.00001,0.00001,0.00001,0.00001,0.00001,0.0,0.0,0.0,0.0,0.0,0.0,0.0,0.0,0.0,0.0,0.0,0.0,0.0,0.0,0.0,0.0,1,0.0,0.0,0.00001,0.00001,0.0,0.0,0.0,0.0,0.0,0.0,0.0
224,alcohol,0.1,0.1,0.005,0.005,0.005,0.005,0.005,0.005,0.1,0.0005,0.005,0.05,0.5,0.5,0.02,0.05,0.02,0.05,0.005,0.005,0.05,0.1,0.002,0.05,0.1,0.005,0.005,0.2,0.2,0.005,0.005,0.05,0.0,0.0,0.0,0.0,0.0,0.0,0.0,0.0,0.1,0.05,0.05,0.1,0.05,0.05,0.05,0.2,0.1,0.1,0.2,0.005,0.005,0.005,0.005,0.005,0.005,0.005,0.005,0.005
225,smoking,0.1,0.1,0.005,0.005,0.005,0.005,0.005,0.005,0.1,0.0005,0.005,0.05,0.05,0.1,0.5,0.05,0.1,0.1,0.005,0.005,0.005,0.2,0.002,0.1,0.2,0.8,0.005,0.005,0.005,0.005,0.005,0.05,0.0,0.0,0.0,0.0,0.0,0.0,0.0,0.0,0.05,0.05,0.05,0.05,0.05,0.05,0.05,0.05,0.05,0.05,0.05,0.005,0.005,0.005,0.005,0.005,0.005,0.005,0.005,0.005
226,married,0.005,0.005,0.01,0.005,0.005,0.002,0.005,0.005,0.005,0.005,0.005,0.0005,0.005,0.005,0.005,0.005,0.005,0.0005,0.005,0.005,0.005,0.005,0.005,0.005,0.05,0.005,0.005,0.005,0.005,0.005,0.005,0.005,0.0,0.0,0.0,0.0,0.0,0.0,0.0,0.0,0.005,0.005,0.005,0.005,0.005,0.005,0.005,0.005,0.005,0.005,0.0005,0.2,0.2,0.2,0.2,0.2,0.2,0.2,0.2,0.2
227,vaccin,0.05,0.05,0.5,0.2,0.5,0.005,0.05,0.005,0.02,0.0005,0.5,0.2,0.5,0.5,0.5,0.5,0.5,0.5,0.5,0.2,0.5,0.5,0.5,0.5,0.5,0.5,0.5,0.5,0.5,0.5,0.5,0.5,0.5,0.5,0.5,0.5,0.5,0.5,0.0,0.0,0.5,0.5,0.5,0.5,0.5,0.5,0.5,0.5,0.5,0.5,0.5,0.0005,0.0005,0.0005,0.0005,0.0005,0.0005,0.0005,0.0005,0.0005
228,treat,0.5,0.5,0.5,0.05,0.05,0.05,0.05,0.05,0.05,0.05,0.05,0.05,0.5,0.5,0.5,0.5,0.5,0.5,0.05,0.05,0.5,0.05,0.5,0.05,0.5,0.5,0.5,0.5,0.5,0.5,0.05,0.5,0.5,0.05,0.05,0.05,0.05,0.05,0.0,0.0,0.005,0.005,0.005,0.005,0.005,0.005,0.005,0.005,0.005,0.005,0.005,0.05,0.005,0.05,0.05,0.05,0.05,0.05,0.05,0.05
229,t_ort,0.005,0.005,0.05,0.5,0.05,0.005,0.005,0.005,0.005,0.005,0.05,0.005,0.0005,0.0005,0.0005,0.0005,0.0005,0.0005,0.0005,0.05,0.0005,0.0005,0.0005,0.0005,0.0005,0.0005,0.0005,0.0005,0.0005,0.0005,0.0005,0.0005,0.0005,0.0005,0.0005,0.0005,0.0005,0.0005,0.0,0.0,0.0005,0.0005,0.0005,0.0005,0.0005,0.0005,0.0005,0.0005,0.0005,0.0005,0.0005,0.0005,0.0005,0.0005,0.0005,0.0005,0.0005,0.0005,0.0005,0.0005
230,t_iv,0.05,0.05,0.05,0.05,0.05,0.05,0.05,0.05,0.05,0.05,0.5,0.05,0.05,0.05,0.05,0.05,0.05,0.05,0.05,0.05,0.05,0.05,0.05,0.05,0.05,0.05,0.05,0.05,0.05,0.05,0.05,0.05,0.05,0.0005,0.0005,0.05,0.05,0.05,0.0,0.0,0.05,0.05,0.05,0.05,0.05,0.05,0.05,0.05,0.05,0.05,0.05,0.05,0.05,0.05,0.05,0.05,0.05,0.05,0.05,0.05
231,blood_tr,0.005,0.005,0.005,0.005,0.05,0.005,0.005,0.005,0.005,0.0005,0.5,0.005,0.005,0.005,0.005,0.005,0.005,0.05,0.5,0.005,0.005,0.005,0.1,0.005,0.005,0.005,0.005,0.005,0.005,0.005,0.005,0.005,0.0,0.0,0.0,0.005,0.005,0.0,0.0,0.0,0.05,0.005,0.005,0.005,0.005,0.005,0.005,0.005,0.005,0.005,0.05,0.5,0.5,0.02,1,0.1,0.05,1,0.8,0.005
232,t_ngt,0.05,0.05,0.05,0.05,0.05,0.05,0.05,0.05,0.05,0.05,0.05,0.05,0.05,0.05,0.05,0.05,0.05,0.05,0.05,0.5,0.05,0.05,0.05,0.5,0.05,0.05,0.05,0.05,0.05,0.05,0.05,0.05,0.05,0.05,0.05,0.05,0.05,0.05,0.0,0.0,0.005,0.005,0.005,0.005,0.005,0.005,0.005,0.005,0.005,0.005,0.005,0.005,0.005,0.005,0.005,0.005,0.005,0.005,0.005,0.005
233,antib_i,0.05,0.05,0.05,0.005,0.005,0.005,0.5,0.005,0.005,0.5,0.005,0.5,0.005,0.005,0.005,0.005,0.005,0.005,0.005,0.005,0.005,0.005,0.005,0.005,0.005,0.005,0.005,0.01,0.005,0.05,0.005,0.005,0.0,0.0,0.0,0.005,0.005,0.0,0.0,0.0,0.05,0.005,0.005,0.005,0.005,0.005,0.005,0.005,0.005,0.005,0.05,0.8,0.5,0.1,0.1,0.5,1,0.1,0.5,0.2
234,surgery,0.0005,0.0005,0.002,0.0005,0.0005,0.0005,0.0005,0.0005,0.0005,0.0,0.0005,0.0005,0.1,0.1,0.1,0.1,0.1,0.1,0.002,0.002,0.002,0.002,0.002,0.002,0.002,0.002,0.002,0.05,0.002,0.002,0.005,0.002,0.005,0.0,0.0,0.0,0.0,0.0,0.0,0.0,0.05,0.002,0.002,0.002,0.002,0.002,0.002,0.002,0.002,0.002,0.02,0.05,0.05,0.005,0.05,0.05,0.0005,0.0005,0.1,0.0005
235,sur_1m,0.0005,0.0005,0.0005,0.0005,0.0005,0.0005,0.0005,0.0005,0.0005,0.0005,0.0005,0.0005,0.05,0.05,0.05,0.05,0.05,0.05,0.002,0.002,0.002,0.002,0.002,0.002,0.005,0.002,0.002,0.05,0.002,0.002,0.002,0.002,0.002,0.0,0.0,0.0,0.0,0.0,0.0,0.0,0.05,0.002,0.002,0.002,0.002,0.002,0.002,0.002,0.002,0.002,0.005,0.05,0.05,0.005,0.05,0.05,0.0005,0.0005,0.1,0.005
236,disch,0.01,0.01,0.5,0.01,0.002,0.01,0.0005,0.01,0.01,0.0,0.01,0.002,0.1,0.1,0.1,0.1,0.1,0.1,0.01,0.01,0.01,0.01,0.01,0.02,0.01,0.05,0.0001,0.01,0.2,0.01,0.1,0.01,0.01,0.0005,0.0,0.0,0.0,0.0,0.0,0.0,0.01,0.01,0.01,0.01,0.01,0.01,0.01,0.01,0.01,0.01,0.01,0.005,0.005,0.005,0.005,0.005,0.005,0.005,0.005,0.005
237,shospf,0.05,0.05,0.05,0.05,0.05,0.05,0.05,0.05,0.05,0.05,0.05,0.05,0.05,0.05,0.05,0.05,0.05,0.05,0.05,0.05,0.05,0.05,0.05,0.05,0.05,0.05,0.05,0.05,0.05,0.05,0.05,0.05,0.05,0.05,0.05,0.05,0.05,0.05,0.05,0.05,0.05,0.05,0.05,0.05,0.05,0.05,0.05,0.05,0.05,0.05,0.05,0.05,0.05,0.05,0.05,0.05,0.05,0.05,0.05,0.05
238,strans,0.05,0.05,0.05,0.05,0.05,0.05,0.05,0.05,0.05,0.05,0.05,0.05,0.05,0.05,0.05,0.05,0.05,0.05,0.05,0.05,0.05,0.05,0.05,0.05,0.05,0.05,0.05,0.05,0.05,0.05,0.05,0.05,0.05,0.05,0.05,0.05,0.05,0.05,0.05,0.05,0.05,0.05,0.05,0.05,0.05,0.05,0.05,0.05,0.05,0.05,0.05,0.05,0.05,0.05,0.05,0.05,0.05,0.05,0.05,0.05
239,sadmit,0.05,0.05,0.05,0.05,0.05,0.05,0.05,0.05,0.05,0.05,0.05,0.05,0.05,0.05,0.05,0.05,0.05,0.05,0.05,0.05,0.05,0.05,0.05,0.05,0.05,0.05,0.05,0.05,0.05,0.05,0.05,0.05,0.05,0.05,0.05,0.05,0.05,0.05,0.05,0.05,0.05,0.05,0.05,0.05,0.05,0.05,0.05,0.05,0.05,0.05,0.05,0.05,0.05,0.05,0.05,0.05,0.05,0.05,0.05,0.05
240,streat,0.05,0.05,0.05,0.05,0.05,0.05,0.05,0.05,0.05,0.05,0.05,0.05,0.05,0.05,0.05,0.05,0.05,0.05,0.05,0.05,0.05,0.05,0.05,0.05,0.05,0.05,0.05,0.05,0.05,0.05,0.05,0.05,0.05,0.05,0.05,0.05,0.05,0.05,0.05,0.05,0.05,0.05,0.05,0.05,0.05,0.05,0.05,0.05,0.05,0.05,0.05,0.05,0.05,0.05,0.05,0.05,0.05,0.05,0.05,0.05
241,smedic,0.05,0.05,0.05,0.05,0.05,0.05,0.05,0.05,0.05,0.05,0.05,0.05,0.05,0.05,0.05,0.05,0.05,0.05,0.05,0.05,0.05,0.05,0.05,0.05,0.05,0.05,0.05,0.05,0.05,0.05,0.05,0.05,0.05,0.05,0.05,0.05,0.05,0.05,0.05,0.05,0.05,0.05,0.05,0.05,0.05,0.05,0.05,0.05,0.05,0.05,0.05,0.05,0.05,0.05,0.05,0.05,0.05,0.05,0.05,0.05
242,smore2,0.05,0.05,0.05,0.05,0.05,0.05,0.05,0.05,0.05,0.05,0.05,0.05,0.05,0.05,0.05,0.05,0.05,0.05,0.05,0.05,0.05,0.05,0.05,0.05,0.05,0.05,0.05,0.05,0.05,0.05,0.05,0.05,0.05,0.05,0.05,0.05,0.05,0.05,0.05,0.05,0.05,0.05,0.05,0.05,0.05,0.05,0.05,0.05,0.05,0.05,0.05,0.05,0.05,0.05,0.05,0.05,0.05,0.05,0.05,0.05
243,sdoubt,0.05,0.05,0.05,0.05,0.05,0.05,0.05,0.05,0.05,0.05,0.05,0.05,0.05,0.05,0.05,0.05,0.05,0.05,0.05,0.05,0.05,0.05,0.05,0.05,0.05,0.05,0.05,0.05,0.05,0.05,0.05,0.05,0.05,0.05,0.05,0.05,0.05,0.05,0.05,0.05,0.05,0.05,0.05,0.05,0.05,0.05,0.05,0.05,0.05,0.05,0.05,0.05,0.05,0.05,0.05,0.05,0.05,0.05,0.05,0.05
244,stradm,0.05,0.05,0.05,0.05,0.05,0.05,0.05,0.05,0.05,0.05,0.05,0.05,0.05,0.05,0.05,0.05,0.05,0.05,0.05,0.05,0.05,0.05,0.05,0.05,0.05,0.05,0.05,0.05,0.05,0.05,0.05,0.05,0.05,0.05,0.05,0.05,0.05,0.05,0.05,0.05,0.05,0.05,0.05,0.05,0.05,0.05,0.05,0.05,0.05,0.05,0.05,0.05,0.05,0.05,0.05,0.05,0.05,0.05,0.05,0.05
245,smobph,0.05,0.05,0.05,0.05,0.05,0.05,0.05,0.05,0.05,0.05,0.05,0.05,0.05,0.05,0.05,0.05,0.05,0.05,0.05,0.05,0.05,0.05,0.05,0.05,0.05,0.05,0.05,0.05,0.05,0.05,0.05,0.05,0.05,0.05,0.05,0.05,0.05,0.05,0.05,0.05,0.05,0.05,0.05,0.05,0.05,0.05,0.05,0.05,0.05,0.05,0.05,0.05,0.05,0.05,0.05,0.05,0.05,0.05,0.05,0.05
246,scosts,0.05,0.05,0.05,0.05,0.05,0.05,0.05,0.05,0.05,0.05,0.05,0.05,0.05,0.05,0.05,0.05,0.05,0.05,0.05,0.05,0.05,0.05,0.05,0.05,0.05,0.05,0.05,0.05,0.05,0.05,0.05,0.05,0.05,0.05,0.05,0.05,0.05,0.05,0.05,0.05,0.05,0.05,0.05,0.05,0.05,0.05,0.05,0.05,0.05,0.05,0.05,0.05,0.05,0.05,0.05,0.05,0.05,0.05,0.05,0.05
